{
  "dims": [
    "pulseIndex"
  ],
  "attrs": {
    "shape": [
      280
    ]
  },
  "data": [
    537.705810546875,
    532.5238037109375,
    534.3438720703125,
    539.6097412109375,
    542.7213745117188,
    546.3915405273438,
    541.6605834960938,
    545.8739624023438,
    542.2295532226562,
    545.0303955078125,
    549.2437744140625,
    549.5081176757812,
    546.1173706054688,
    546.5728149414062,
    550.6539306640625,
    549.6658935546875,
    542.2086791992188,
    543.0682983398438,
    546.7933349609375,
    540.1031494140625,
    538.7745971679688,
    544.2119750976562,
    540.1834106445312,
    540.748046875,
    541.4904174804688,
    544.20166015625,
    540.0455932617188,
    539.0443725585938,
    546.3289184570312,
    548.8072509765625,
    548.23974609375,
    549.7759399414062,
    549.8159790039062,
    546.99609375,
    541.9024658203125,
    540.313720703125,
    541.0127563476562,
    540.9605102539062,
    546.6676635742188,
    545.5122680664062,
    541.3521728515625,
    542.6583251953125,
    539.4886474609375,
    540.1554565429688,
    539.4239501953125,
    536.2603149414062,
    541.3412475585938,
    544.8446655273438,
    539.3510131835938,
    536.573486328125,
    535.3894653320312,
    534.3374633789062,
    539.9879150390625,
    538.3707885742188,
    536.574951171875,
    537.6578369140625,
    538.5755004882812,
    545.2388305664062,
    541.5045776367188,
    541.33544921875,
    535.5973510742188,
    535.799560546875,
    534.894287109375,
    533.184814453125,
    529.1580200195312,
    530.3255615234375,
    531.526123046875,
    528.6753540039062,
    526.5867309570312,
    529.7754516601562,
    531.5946044921875,
    535.7471313476562,
    535.986083984375,
    533.77978515625,
    534.2182006835938,
    529.2412719726562,
    527.1787109375,
    523.6052856445312,
    523.8380737304688,
    523.3380737304688,
    531.1331787109375,
    532.407470703125,
    526.02197265625,
    517.6461181640625,
    521.3369140625,
    519.6727294921875,
    515.7297973632812,
    519.3646850585938,
    520.2803344726562,
    516.59814453125,
    523.4368286132812,
    526.53369140625,
    519.148193359375,
    520.2013549804688,
    524.3279418945312,
    520.27001953125,
    518.0638427734375,
    516.7374267578125,
    519.345947265625,
    512.1668090820312,
    510.3486022949219,
    514.3153076171875,
    512.0410766601562,
    512.7926025390625,
    506.2425842285156,
    500.2746276855469,
    504.42803955078125,
    505.3974609375,
    511.9100036621094,
    509.6869201660156,
    510.1941223144531,
    507.9825134277344,
    508.2232360839844,
    510.80389404296875,
    510.7997741699219,
    514.4334106445312,
    510.0743408203125,
    509.80010986328125,
    506.8226318359375,
    506.5271301269531,
    499.4714050292969,
    493.9503479003906,
    490.4265441894531,
    496.0791931152344,
    492.0700378417969,
    490.8401794433594,
    495.0227355957031,
    493.6253967285156,
    493.1241455078125,
    488.6139831542969,
    489.239990234375,
    483.0182800292969,
    471.8150329589844,
    484.14068603515625,
    494.4006652832031,
    488.4264831542969,
    486.119384765625,
    489.66705322265625,
    493.42706298828125,
    483.96258544921875,
    483.67816162109375,
    483.11712646484375,
    485.7630310058594,
    487.08123779296875,
    488.1003723144531,
    487.3876037597656,
    480.76873779296875,
    479.581298828125,
    481.7529296875,
    476.24407958984375,
    478.8296203613281,
    478.647216796875,
    476.6083679199219,
    474.3395080566406,
    479.4883728027344,
    473.6817932128906,
    474.7984619140625,
    476.1645202636719,
    474.56732177734375,
    475.2680358886719,
    478.3322448730469,
    475.2440490722656,
    474.9374084472656,
    475.92022705078125,
    478.0364074707031,
    471.52716064453125,
    468.6004333496094,
    468.5433044433594,
    466.10302734375,
    470.2220764160156,
    459.7063903808594,
    457.22900390625,
    459.36260986328125,
    454.6043701171875,
    452.67950439453125,
    458.88037109375,
    467.6739807128906,
    471.322509765625,
    470.11187744140625,
    469.11395263671875,
    463.37841796875,
    467.9126892089844,
    465.6240234375,
    460.5030212402344,
    456.3604431152344,
    456.73974609375,
    449.2118225097656,
    455.22076416015625,
    458.6192932128906,
    456.5254211425781,
    455.95220947265625,
    446.8039855957031,
    440.3570251464844,
    446.51995849609375,
    450.8408508300781,
    450.6960144042969,
    455.016357421875,
    463.43768310546875,
    461.2864074707031,
    456.9862060546875,
    458.5492248535156,
    457.3962097167969,
    453.5458068847656,
    453.5033264160156,
    455.7304382324219,
    451.43255615234375,
    443.0821533203125,
    445.2408752441406,
    445.49462890625,
    439.5375061035156,
    440.3525390625,
    440.3771057128906,
    432.9297180175781,
    442.25994873046875,
    440.96624755859375,
    438.9039306640625,
    436.90667724609375,
    439.9853820800781,
    441.9032287597656,
    441.51025390625,
    441.7852478027344,
    442.281982421875,
    441.7872619628906,
    440.4239807128906,
    446.2610168457031,
    442.86932373046875,
    437.3798522949219,
    432.2621765136719,
    432.3121032714844,
    427.7396545410156,
    431.3399963378906,
    434.0137023925781,
    437.68206787109375,
    434.9234619140625,
    434.4315490722656,
    430.703125,
    428.6581115722656,
    425.26513671875,
    421.9486083984375,
    432.5041809082031,
    428.62982177734375,
    429.4060974121094,
    431.68231201171875,
    433.0605773925781,
    430.3495788574219,
    429.9551086425781,
    432.62384033203125,
    430.0696105957031,
    428.1715393066406,
    427.5342712402344,
    426.2184753417969,
    423.5116271972656,
    426.6905212402344,
    423.93414306640625,
    422.0268859863281,
    420.8235168457031,
    419.97711181640625,
    420.8669128417969,
    422.299560546875,
    418.88836669921875,
    419.0731201171875,
    420.62823486328125,
    423.3696594238281,
    421.125,
    417.789794921875,
    422.0993347167969,
    422.00750732421875,
    424.80029296875,
    424.0799865722656,
    421.07427978515625,
    417.02642822265625,
    416.02606201171875,
    420.00921630859375,
    415.2332763671875,
    411.68743896484375,
    414.8117370605469,
    412.1085205078125,
    409.88677978515625,
    408.1047668457031,
    405.2771301269531
  ],