{
  "dims": [
    "pulseIndex"
  ],
  "attrs": {
    "shape": [
      290
    ]
  },
  "data": [
    496.4677429199219,
    491.90460205078125,
    499.9801025390625,
    501.2205505371094,
    504.23968505859375,
    509.520263671875,
    507.0515441894531,
    509.4190368652344,
    507.5052185058594,
    506.2057189941406,
    513.0867309570312,
    512.546875,
    510.5703125,
    510.4908142089844,
    515.3935546875,
    520.10009765625,
    510.0939636230469,
    512.59423828125,
    514.7337646484375,
    510.6259765625,
    507.3385925292969,
    513.85888671875,
    514.734619140625,
    509.0664978027344,
    509.4769287109375,
    518.23681640625,
    515.3621215820312,
    511.6542663574219,
    518.7738647460938,
    524.0833740234375,
    523.164306640625,
    520.3251342773438,
    522.0966796875,
    516.27490234375,
    514.58935546875,
    509.0988464355469,
    511.82415771484375,
    511.5389404296875,
    516.3488159179688,
    520.7369384765625,
    521.3540649414062,
    518.7805786132812,
    520.7737426757812,
    520.7105712890625,
    517.8250122070312,
    516.1160278320312,
    521.719970703125,
    528.05615234375,
    522.7242431640625,
    521.0545654296875,
    515.0859985351562,
    511.7674255371094,
    513.0469360351562,
    509.370849609375,
    512.8363037109375,
    514.9112548828125,
    518.4086303710938,
    525.76416015625,
    524.1237182617188,
    523.2327880859375,
    520.679931640625,
    520.0384521484375,
    520.3353271484375,
    523.0947265625,
    518.9868774414062,
    517.0482788085938,
    519.8810424804688,
    513.3516235351562,
    507.5889587402344,
    515.5097045898438,
    516.0887451171875,
    517.1123657226562,
    519.9234008789062,
    516.688720703125,
    515.351318359375,
    508.2215576171875,
    507.2185363769531,
    505.5215148925781,
    503.8233947753906,
    506.5517883300781,
    512.4429931640625,
    518.9898681640625,
    515.96337890625,
    510.16058349609375,
    517.3056640625,
    511.12493896484375,
    501.98931884765625,
    502.6123046875,
    506.1097412109375,
    501.279052734375,
    505.51654052734375,
    511.9897155761719,
    503.9652099609375,
    501.56524658203125,
    507.0845031738281,
    506.7107849121094,
    500.8200988769531,
    500.81622314453125,
    501.1725769042969,
    493.2181396484375,
    491.6968688964844,
    496.8202209472656,
    498.15179443359375,
    502.8604431152344,
    491.0863037109375,
    486.761474609375,
    493.1366882324219,
    494.8267517089844,
    500.6721496582031,
    497.9454650878906,
    498.4024963378906,
    493.4800109863281,
    497.9378967285156,
    501.29217529296875,
    502.689208984375,
    501.89764404296875,
    497.5328369140625,
    494.35308837890625,
    493.2631530761719,
    493.1588134765625,
    483.54913330078125,
    474.4525146484375,
    471.5036315917969,
    479.57965087890625,
    473.6297607421875,
    475.6726379394531,
    481.7708740234375,
    484.5724182128906,
    480.80877685546875,
    476.05340576171875,
    480.0484313964844,
    469.8194274902344,
    455.9949951171875,
    468.9408874511719,
    478.92034912109375,
    475.2073669433594,
    475.02423095703125,
    478.0835266113281,
    484.5418395996094,
    471.6629943847656,
    467.78045654296875,
    465.2189636230469,
    471.7258605957031,
    473.95843505859375,
    476.3659362792969,
    477.1377868652344,
    470.6826171875,
    467.83343505859375,
    469.03399658203125,
    466.94793701171875,
    470.156982421875,
    471.19195556640625,
    469.9406433105469,
    467.08203125,
    469.5167541503906,
    461.9868469238281,
    459.56024169921875,
    460.2383117675781,
    462.4947204589844,
    467.8652038574219,
    472.88458251953125,
    466.7423095703125,
    464.8765869140625,
    469.1632385253906,
    471.217041015625,
    461.6529235839844,
    458.7257995605469,
    458.0980529785156,
    455.7713317871094,
    457.4111328125,
    448.54437255859375,
    446.2669372558594,
    447.8042907714844,
    442.30291748046875,
    439.6577453613281,
    447.2672424316406,
    455.75970458984375,
    463.4726867675781,
    464.7473449707031,
    461.8194885253906,
    452.29754638671875,
    458.0209045410156,
    457.0959167480469,
    449.22808837890625,
    445.16339111328125,
    444.4302062988281,
    440.8403015136719,
    449.64886474609375,
    450.928466796875,
    453.25323486328125,
    445.5901184082031,
    435.0283508300781,
    430.925537109375,
    440.1775207519531,
    446.33544921875,
    447.1555480957031,
    451.2176818847656,
    459.81634521484375,
    453.994384765625,
    445.68603515625,
    451.1820983886719,
    449.6368103027344,
    442.7868347167969,
    445.1857604980469,
    447.3174743652344,
    439.6227111816406,
    439.9970703125,
    444.1182861328125,
    439.9526062011719,
    435.3097229003906,
    436.34039306640625,
    430.7449951171875,
    428.1643981933594,
    438.34197998046875,
    437.6119689941406,
    438.3158264160156,
    440.1391906738281,
    437.71661376953125,
    437.543701171875,
    435.8844909667969,
    434.24658203125,
    438.3927001953125,
    434.76531982421875,
    432.612060546875,
    439.9140930175781,
    438.1558532714844,
    432.1855163574219,
    426.49578857421875,
    424.375732421875,
    419.40283203125,
    424.3528137207031,
    430.40557861328125,
    439.9342956542969,
    437.6672668457031,
    432.2204284667969,
    432.19183349609375,
    430.4112854003906,
    425.3636169433594,
    416.24603271484375,
    430.4629211425781,
    429.0361022949219,
    428.79852294921875,
    429.437255859375,
    430.8494567871094,
    427.66162109375,
    422.1173400878906,
    428.2827453613281,
    425.656005859375,
    421.89990234375,
    426.8145446777344,
    429.09454345703125,
    424.9007873535156,
    428.11700439453125,
    425.4778137207031,
    423.3985900878906,
    426.2169494628906,
    422.5754089355469,
    422.006103515625,
    422.47393798828125,
    419.19012451171875,
    418.3224792480469,
    419.4273376464844,
    422.42254638671875,
    420.8341064453125,
    420.2916564941406,
    427.32952880859375,
    420.60626220703125,
    422.81683349609375,
    428.5101318359375,
    426.0310974121094,
    418.84197998046875,
    416.0608825683594,
    423.2843322753906,
    416.353515625,
    410.8556823730469,
    417.59771728515625,
    411.9653015136719,
    410.08966064453125,
    410.63189697265625,
    407.8857727050781,
    402.1847229003906,
    401.3792419433594,
    395.5921325683594,
    401.64910888671875,
    406.5044250488281,
    415.2480773925781,
    415.6358947753906,
    411.47015380859375,
    415.690185546875,
    413.670654296875
  ],