{
  "dims": [
    "pulseIndex"
  ],
  "attrs": {
    "shape": [
      280
    ]
  },
  "data": [
    537.4876098632812,
    532.5845947265625,
    534.8817138671875,
    538.6245727539062,
    543.526611328125,
    546.5739135742188,
    542.5921630859375,
    544.2368774414062,
    541.947265625,
    543.6468505859375,
    547.1385498046875,
    546.5338134765625,
    542.31591796875,
    542.453857421875,
    548.854736328125,
    545.3597412109375,
    537.82666015625,
    539.3286743164062,
    541.0062255859375,
    533.4523315429688,
    531.4390869140625,
    538.3232421875,
    534.214111328125,
    531.6688232421875,
    535.402587890625,
    535.5194091796875,
    530.3635864257812,
    531.7013549804688,
    537.7523803710938,
    540.5619506835938,
    538.1557006835938,
    537.4952392578125,
    540.69140625,
    535.792236328125,
    531.386962890625,
    529.3839111328125,
    530.1044311523438,
    531.74267578125,
    534.92626953125,
    533.5791015625,
    528.287109375,
    527.2252197265625,
    523.586181640625,
    526.2786865234375,
    524.1998291015625,
    524.458984375,
    527.57373046875,
    529.8245849609375,
    523.9308471679688,
    521.8170776367188,
    520.3380737304688,
    519.6378173828125,
    523.8932495117188,
    521.5122680664062,
    521.0438842773438,
    521.1149291992188,
    522.701171875,
    528.6854858398438,
    523.4290771484375,
    523.497314453125,
    518.9783325195312,
    519.1239624023438,
    514.187744140625,
    514.0834350585938,
    510.8519287109375,
    512.1790771484375,
    511.07745361328125,
    511.4508056640625,
    509.275390625,
    511.29693603515625,
    513.1349487304688,
    516.5370483398438,
    516.8430786132812,
    515.6950073242188,
    513.92333984375,
    508.35137939453125,
    507.80078125,
    504.48980712890625,
    501.5336608886719,
    503.36773681640625,
    507.360107421875,
    510.4548645019531,
    502.5788879394531,
    495.46551513671875,
    497.5483093261719,
    498.5223693847656,
    493.4140319824219,
    493.96124267578125,
    496.4762878417969,
    496.044677734375,
    500.016357421875,
    501.34210205078125,
    494.6302490234375,
    495.8763427734375,
    499.7122497558594,
    499.31591796875,
    492.89398193359375,
    491.9576110839844,
    494.9229736328125,
    488.9466247558594,
    487.3591003417969,
    489.06256103515625,
    487.5139465332031,
    485.82025146484375,
    478.6634216308594,
    475.63885498046875,
    478.1991271972656,
    478.881103515625,
    484.83984375,
    483.3459167480469,
    481.8250427246094,
    480.7841491699219,
    480.8012390136719,
    484.0718688964844,
    483.5574035644531,
    485.3473205566406,
    482.9753723144531,
    482.4727478027344,
    478.7695617675781,
    480.6586608886719,
    473.0471496582031,
    468.5076904296875,
    465.04669189453125,
    469.4612121582031,
    464.3197937011719,
    463.9176330566406,
    466.30596923828125,
    466.6531677246094,
    464.2918395996094,
    459.281005859375,
    461.4695739746094,
    454.1500549316406,
    442.9579772949219,
    455.9654235839844,
    464.3020324707031,
    458.3614807128906,
    457.999755859375,
    462.6130676269531,
    464.70245361328125,
    455.9908142089844,
    454.6700439453125,
    454.1410217285156,
    458.2855224609375,
    458.0697937011719,
    458.0550537109375,
    457.24212646484375,
    450.41094970703125,
    449.472412109375,
    451.6564025878906,
    445.06207275390625,
    446.5460205078125,
    445.80206298828125,
    445.8388977050781,
    445.8873596191406,
    446.63751220703125,
    442.2527770996094,
    443.89013671875,
    445.53125,
    444.86956787109375,
    442.64947509765625,
    446.4894104003906,
    445.46881103515625,
    444.31573486328125,
    443.9624938964844,
    447.1022644042969,
    441.3438415527344,
    438.4065856933594,
    435.7433776855469,
    435.3009948730469,
    439.1988525390625,
    427.8056640625,
    424.3785705566406,
    426.6165466308594,
    423.91436767578125,
    421.7317810058594,
    426.8091735839844,
    435.0121765136719,
    438.1683654785156,
    436.07501220703125,
    437.2765808105469,
    431.4580383300781,
    434.55609130859375,
    433.009765625,
    426.5143737792969,
    424.7748107910156,
    424.07928466796875,
    416.07330322265625,
    422.86248779296875,
    423.9547119140625,
    422.7643737792969,
    421.3995056152344,
    413.7135009765625,
    407.5316467285156,
    413.18206787109375,
    418.64013671875,
    418.00042724609375,
    422.3812561035156,
    427.98028564453125,
    426.25433349609375,
    423.0013427734375,
    426.49407958984375,
    425.0514831542969,
    420.16595458984375,
    421.3027038574219,
    421.337646484375,
    417.6995544433594,
    408.7392883300781,
    408.7645263671875,
    409.74224853515625,
    407.4858093261719,
    407.9681396484375,
    407.31134033203125,
    399.9178466796875,
    408.76153564453125,
    407.0971984863281,
    405.47259521484375,
    402.617919921875,
    406.98687744140625,
    409.0089416503906,
    406.21917724609375,
    408.92657470703125,
    409.0859680175781,
    408.94366455078125,
    407.3865966796875,
    411.1966247558594,
    410.2206726074219,
    402.5073547363281,
    397.5476379394531,
    398.87945556640625,
    394.11346435546875,
    398.0964660644531,
    399.9754638671875,
    403.9533996582031,
    399.9041748046875,
    399.53131103515625,
    395.1236572265625,
    393.1924743652344,
    389.36187744140625,
    388.2359313964844,
    397.7930908203125,
    395.7077331542969,
    395.08770751953125,
    396.0303649902344,
    398.6279602050781,
    396.0010681152344,
    395.0431823730469,
    398.97625732421875,
    396.37652587890625,
    396.0555419921875,
    393.8656005859375,
    391.4776916503906,
    388.6505126953125,
    393.4781494140625,
    389.48046875,
    386.5708923339844,
    386.453857421875,
    387.4252624511719,
    386.4637451171875,
    388.6217956542969,
    382.727294921875,
    383.3695983886719,
    386.85565185546875,
    387.8716735839844,
    386.1542663574219,
    385.11627197265625,
    389.5473937988281,
    386.7380065917969,
    389.91571044921875,
    389.2331848144531,
    386.7283630371094,
    383.6959228515625,
    381.5286865234375,
    384.072509765625,
    381.3165283203125,
    377.9639587402344,
    379.5570068359375,
    375.9200439453125,
    375.48602294921875,
    373.337646484375,
    370.6855163574219
  ],