{
  "dims": [
    "pulseIndex"
  ],
  "attrs": {
    "shape": [
      280
    ]
  },
  "data": [
    468.0792236328125,
    467.5510559082031,
    471.5071105957031,
    472.00018310546875,
    473.5956726074219,
    479.99273681640625,
    482.67889404296875,
    482.9973449707031,
    482.8229675292969,
    482.2117919921875,
    486.4761962890625,
    486.63043212890625,
    488.0146484375,
    489.6520080566406,
    494.9414367675781,
    497.25164794921875,
    493.4892883300781,
    494.5603332519531,
    497.2745666503906,
    492.24072265625,
    495.69134521484375,
    500.4618835449219,
    498.0997009277344,
    496.4495544433594,
    496.96783447265625,
    501.5867919921875,
    499.7055358886719,
    499.7002258300781,
    507.5509948730469,
    506.9812927246094,
    508.85479736328125,
    506.9793395996094,
    508.5111999511719,
    508.14947509765625,
    506.1310119628906,
    504.64532470703125,
    506.6961669921875,
    504.8331298828125,
    511.5882568359375,
    513.1224975585938,
    512.7892456054688,
    512.7333374023438,
    511.87701416015625,
    509.2337951660156,
    508.4488525390625,
    506.9775390625,
    512.371337890625,
    513.2974853515625,
    510.0249938964844,
    509.7005310058594,
    508.59619140625,
    506.2079772949219,
    508.050537109375,
    506.8594665527344,
    507.900634765625,
    511.2433166503906,
    514.2305297851562,
    513.435791015625,
    514.8902587890625,
    515.5221557617188,
    512.1485595703125,
    512.557861328125,
    512.7376708984375,
    511.8402404785156,
    506.8901062011719,
    507.91705322265625,
    508.0578308105469,
    507.7839050292969,
    504.40924072265625,
    507.3570556640625,
    508.049560546875,
    508.9670715332031,
    511.4944763183594,
    510.4456787109375,
    509.1321716308594,
    503.4962158203125,
    502.26947021484375,
    499.7144775390625,
    498.72265625,
    502.48779296875,
    502.878173828125,
    507.1925964355469,
    503.8939514160156,
    497.9111633300781,
    501.47650146484375,
    501.1739501953125,
    498.21490478515625,
    498.3644104003906,
    496.51019287109375,
    493.2541198730469,
    499.56658935546875,
    498.9078369140625,
    493.2521057128906,
    495.99029541015625,
    497.98614501953125,
    496.84698486328125,
    492.6462097167969,
    492.9902038574219,
    491.63922119140625,
    487.8058166503906,
    488.31793212890625,
    489.99383544921875,
    490.21380615234375,
    491.9726867675781,
    483.4230651855469,
    483.2862548828125,
    485.4790954589844,
    488.0306701660156,
    489.6738586425781,
    488.55364990234375,
    486.4517822265625,
    483.5987548828125,
    485.8733215332031,
    486.7185974121094,
    485.39263916015625,
    485.8395080566406,
    485.9520568847656,
    482.4645690917969,
    483.846923828125,
    483.0005187988281,
    477.41864013671875,
    473.6989440917969,
    468.0567932128906,
    474.4667663574219,
    471.05291748046875,
    471.6847229003906,
    474.4269714355469,
    476.2520751953125,
    473.2224426269531,
    468.19610595703125,
    470.8677062988281,
    462.72027587890625,
    453.24041748046875,
    462.4002380371094,
    471.42791748046875,
    464.75836181640625,
    465.884765625,
    468.11907958984375,
    469.3392333984375,
    462.3136901855469,
    463.0680236816406,
    461.4529724121094,
    463.9815979003906,
    464.0877990722656,
    465.4054870605469,
    465.5042419433594,
    457.040771484375,
    456.4578857421875,
    457.72735595703125,
    456.23419189453125,
    457.69775390625,
    456.6327819824219,
    455.8364562988281,
    453.7983093261719,
    456.2337951660156,
    451.939697265625,
    451.1533203125,
    450.97711181640625,
    449.70648193359375,
    453.11077880859375,
    452.5583801269531,
    452.3789978027344,
    450.4131774902344,
    451.4045104980469,
    452.12994384765625,
    447.30645751953125,
    445.9638977050781,
    444.897216796875,
    443.35693359375,
    444.9104309082031,
    436.72625732421875,
    435.33740234375,
    436.0426025390625,
    432.99725341796875,
    430.3250427246094,
    433.94500732421875,
    442.02197265625,
    445.5086975097656,
    443.9649963378906,
    443.6365966796875,
    437.5191955566406,
    440.6269836425781,
    438.06134033203125,
    433.0384521484375,
    431.0069580078125,
    431.5945129394531,
    428.9600830078125,
    432.59759521484375,
    434.4452819824219,
    431.8352355957031,
    431.3171081542969,
    423.89556884765625,
    421.4161682128906,
    425.8620300292969,
    429.8854675292969,
    431.3961181640625,
    434.4564514160156,
    438.9034729003906,
    436.3161926269531,
    430.27801513671875,
    433.6430358886719,
    431.53082275390625,
    428.5264892578125,
    427.86138916015625,
    429.51446533203125,
    426.4344787597656,
    422.62017822265625,
    424.1502990722656,
    422.3554382324219,
    421.90020751953125,
    421.1771545410156,
    421.1893310546875,
    415.678955078125,
    421.7427062988281,
    421.5576477050781,
    421.5467224121094,
    419.3042297363281,
    419.49078369140625,
    420.8851318359375,
    420.2396240234375,
    419.3271484375,
    420.91375732421875,
    419.08984375,
    420.1933288574219,
    422.649658203125,
    422.003173828125,
    416.77239990234375,
    411.9371032714844,
    410.7530212402344,
    408.2200927734375,
    412.27081298828125,
    415.5408630371094,
    421.0560607910156,
    418.1148986816406,
    417.4559631347656,
    415.8586120605469,
    413.9666442871094,
    407.427734375,
    405.4953918457031,
    413.2682189941406,
    413.7195739746094,
    412.99395751953125,
    414.2275390625,
    414.2552795410156,
    411.3024597167969,
    410.3196716308594,
    414.3984680175781,
    411.16192626953125,
    411.2131652832031,
    411.781005859375,
    411.800048828125,
    409.7251892089844,
    411.04217529296875,
    410.4390869140625,
    408.21881103515625,
    408.6224670410156,
    406.1539306640625,
    408.47515869140625,
    408.5801086425781,
    404.5439453125,
    403.9087829589844,
    406.68438720703125,
    407.5364074707031,
    406.2686462402344,
    406.2928771972656,
    407.52972412109375,
    405.1760559082031,
    408.34783935546875,
    408.4955749511719,
    405.1123046875,
    403.1889953613281,
    401.94366455078125,
    404.43408203125,
    400.9448547363281,
    399.63165283203125,
    400.2853698730469,
    397.5215759277344,
    397.73126220703125,
    396.4083557128906,
    393.4287414550781
  ],