{
  "dims": [
    "pulseIndex"
  ],
  "attrs": {
    "shape": [
      280
    ]
  },
  "data": [
    447.2238464355469,
    447.43023681640625,
    450.48101806640625,
    453.7401428222656,
    455.0880432128906,
    460.01361083984375,
    459.8934020996094,
    465.1710205078125,
    462.66552734375,
    464.1324462890625,
    467.2870788574219,
    467.9856262207031,
    467.7460021972656,
    471.1385498046875,
    477.1736145019531,
    477.34442138671875,
    474.9329833984375,
    475.5350341796875,
    479.49005126953125,
    473.5269775390625,
    475.63525390625,
    480.2663879394531,
    479.1948547363281,
    475.4933166503906,
    477.07879638671875,
    480.9596252441406,
    479.78350830078125,
    478.15692138671875,
    490.168212890625,
    492.0289001464844,
    490.3448486328125,
    489.2088317871094,
    490.01202392578125,
    489.0153503417969,
    487.1390380859375,
    484.1253967285156,
    487.4761962890625,
    485.5238952636719,
    492.1412353515625,
    494.685302734375,
    491.9208984375,
    493.9699401855469,
    492.62664794921875,
    491.9608154296875,
    490.23846435546875,
    488.7099914550781,
    493.49517822265625,
    497.6734619140625,
    489.5682067871094,
    492.3921203613281,
    491.25494384765625,
    485.6357116699219,
    487.8300476074219,
    488.9849853515625,
    490.9637145996094,
    492.6769104003906,
    497.38427734375,
    498.7332763671875,
    496.9491882324219,
    500.02423095703125,
    496.96917724609375,
    496.3750915527344,
    497.5019836425781,
    495.4424133300781,
    489.822021484375,
    491.3167724609375,
    492.1947937011719,
    488.775390625,
    483.68994140625,
    491.89630126953125,
    492.4288330078125,
    493.6095275878906,
    495.56610107421875,
    494.5885009765625,
    493.0614318847656,
    487.2221984863281,
    487.8273620605469,
    484.3009033203125,
    481.6188049316406,
    485.2928771972656,
    487.5447082519531,
    492.5215759277344,
    488.5252380371094,
    483.36724853515625,
    487.4949951171875,
    486.6728820800781,
    481.6172180175781,
    481.2997741699219,
    482.724853515625,
    477.7417907714844,
    485.1590881347656,
    485.1785583496094,
    479.20306396484375,
    480.92303466796875,
    484.7888488769531,
    482.40057373046875,
    480.17303466796875,
    480.3999938964844,
    478.6431579589844,
    473.3870544433594,
    474.67498779296875,
    477.2481689453125,
    477.2643737792969,
    479.0285949707031,
    467.5699157714844,
    468.7667236328125,
    473.7388000488281,
    473.7539367675781,
    477.0718688964844,
    473.9896545410156,
    473.59912109375,
    468.6706848144531,
    473.7611389160156,
    476.6289978027344,
    473.8487854003906,
    476.92254638671875,
    473.43743896484375,
    471.59283447265625,
    470.065673828125,
    469.72979736328125,
    465.2989807128906,
    456.769287109375,
    453.1504211425781,
    460.7807312011719,
    457.30322265625,
    456.7195739746094,
    463.5576477050781,
    463.5049133300781,
    460.5707092285156,
    455.0614929199219,
    459.6210632324219,
    451.6581726074219,
    437.60870361328125,
    448.68182373046875,
    457.715087890625,
    454.6770324707031,
    452.02764892578125,
    454.7646484375,
    460.0127258300781,
    450.1103820800781,
    449.2509765625,
    448.0822448730469,
    451.6917724609375,
    452.2502746582031,
    453.8807678222656,
    452.4511413574219,
    447.0509033203125,
    445.61578369140625,
    445.4165344238281,
    442.42022705078125,
    447.072265625,
    447.7262878417969,
    444.250732421875,
    443.2988586425781,
    445.8540954589844,
    440.83673095703125,
    437.41400146484375,
    437.3148193359375,
    437.99517822265625,
    440.59991455078125,
    442.3631286621094,
    442.4942321777344,
    440.4046630859375,
    441.484130859375,
    443.6112365722656,
    436.2764892578125,
    434.1453857421875,
    433.18389892578125,
    430.8289794921875,
    435.4405822753906,
    425.5357666015625,
    422.4684143066406,
    422.8078918457031,
    420.0467224121094,
    418.5107727050781,
    420.2224426269531,
    429.99517822265625,
    436.67340087890625,
    435.65716552734375,
    430.87030029296875,
    428.015869140625,
    430.3824157714844,
    427.01715087890625,
    421.5457763671875,
    419.03619384765625,
    420.3174133300781,
    418.06005859375,
    423.6319580078125,
    424.7587585449219,
    424.72686767578125,
    420.94354248046875,
    410.74951171875,
    408.2859191894531,
    416.00201416015625,
    419.3323059082031,
    420.9100341796875,
    426.08380126953125,
    430.6010437011719,
    424.8338928222656,
    421.1951904296875,
    424.2362060546875,
    422.1197204589844,
    415.87725830078125,
    417.609619140625,
    417.9774475097656,
    414.9861145019531,
    413.1922607421875,
    412.9416198730469,
    413.9049987792969,
    411.0925598144531,
    411.4489440917969,
    408.340087890625,
    406.38177490234375,
    413.4427795410156,
    411.7373046875,
    409.7455749511719,
    411.3208312988281,
    407.9141845703125,
    408.64306640625,
    409.53912353515625,
    409.6180725097656,
    412.389892578125,
    409.7206726074219,
    409.0888977050781,
    413.3315734863281,
    410.90374755859375,
    405.13250732421875,
    401.3111267089844,
    398.84246826171875,
    396.15576171875,
    400.47149658203125,
    405.5321044921875,
    411.80010986328125,
    408.03753662109375,
    406.53436279296875,
    404.8888854980469,
    402.1009216308594,
    397.29083251953125,
    393.4047546386719,
    404.88629150390625,
    402.419677734375,
    402.2049865722656,
    403.8672180175781,
    404.99688720703125,
    400.3053894042969,
    398.3929443359375,
    404.43280029296875,
    400.4081726074219,
    398.841552734375,
    401.05712890625,
    400.366455078125,
    398.8238830566406,
    399.78143310546875,
    398.7020568847656,
    397.37518310546875,
    398.7935485839844,
    396.175048828125,
    396.6260681152344,
    397.3844299316406,
    393.15679931640625,
    392.86016845703125,
    395.8746337890625,
    396.68463134765625,
    395.9457092285156,
    396.2725830078125,
    398.21844482421875,
    395.2527160644531,
    399.341796875,
    399.2520751953125,
    394.2796630859375,
    390.31005859375,
    390.4382629394531,
    393.46527099609375,
    390.4449157714844,
    389.4054870605469,
    389.9916687011719,
    388.7192687988281,
    387.755615234375,
    385.87677001953125,
    382.65570068359375
  ],