{
  "dims": [
    "pulseIndex"
  ],
  "attrs": {
    "shape": [
      280
    ]
  },
  "data": [
    538.4353637695312,
    531.9121704101562,
    535.7803344726562,
    540.0571899414062,
    545.6233520507812,
    548.9625244140625,
    545.4619750976562,
    548.8095703125,
    546.9160766601562,
    546.4104614257812,
    551.3290405273438,
    549.661865234375,
    545.9978637695312,
    547.93505859375,
    555.19140625,
    554.9038696289062,
    546.8442993164062,
    547.699462890625,
    551.4240112304688,
    542.1716918945312,
    542.6768188476562,
    547.2261352539062,
    545.1668701171875,
    541.9931030273438,
    544.7509155273438,
    548.0859985351562,
    544.4698486328125,
    543.39794921875,
    552.8184814453125,
    555.1135864257812,
    551.7033081054688,
    550.8945922851562,
    552.7877197265625,
    551.673828125,
    545.9009399414062,
    542.7883911132812,
    545.5670166015625,
    546.6900024414062,
    552.47412109375,
    551.21826171875,
    548.4452514648438,
    547.6681518554688,
    546.34033203125,
    544.323974609375,
    544.3522338867188,
    543.6911010742188,
    549.3245849609375,
    552.8359985351562,
    545.8141479492188,
    543.7207641601562,
    541.3612670898438,
    538.1327514648438,
    542.3230590820312,
    542.5936889648438,
    540.3933715820312,
    544.4094848632812,
    546.012451171875,
    552.64453125,
    547.4890747070312,
    549.79833984375,
    543.0870971679688,
    542.5442504882812,
    542.67431640625,
    542.0778198242188,
    538.209228515625,
    536.5066528320312,
    539.3178100585938,
    538.9262084960938,
    533.7874755859375,
    538.2354125976562,
    539.5276489257812,
    542.1854248046875,
    545.9072265625,
    542.0930786132812,
    542.52001953125,
    536.0940551757812,
    534.8837280273438,
    530.504638671875,
    530.531005859375,
    532.340087890625,
    536.321533203125,
    541.8507080078125,
    533.0458374023438,
    526.9503173828125,
    531.678466796875,
    530.4647216796875,
    524.5477905273438,
    526.6000366210938,
    527.72314453125,
    524.3241577148438,
    530.5875244140625,
    533.6966552734375,
    526.1246948242188,
    528.2940063476562,
    531.6304321289062,
    531.21044921875,
    525.228271484375,
    526.7598266601562,
    526.632080078125,
    519.377197265625,
    519.1303100585938,
    520.4761352539062,
    521.7484741210938,
    522.1398315429688,
    513.5711669921875,
    508.70159912109375,
    513.9570922851562,
    516.7362670898438,
    521.1411743164062,
    520.23974609375,
    518.76953125,
    515.6094970703125,
    517.4878540039062,
    520.50634765625,
    519.863037109375,
    523.6650390625,
    518.6531982421875,
    517.7791748046875,
    514.4074096679688,
    515.0618896484375,
    507.85174560546875,
    502.81884765625,
    497.5923156738281,
    506.0649108886719,
    499.5699157714844,
    499.7326965332031,
    503.9696044921875,
    504.74981689453125,
    503.26898193359375,
    497.2065734863281,
    500.1217346191406,
    491.878173828125,
    479.715087890625,
    493.1742858886719,
    502.7417297363281,
    497.11859130859375,
    495.8416442871094,
    501.6699523925781,
    503.0574035644531,
    493.9630432128906,
    490.6891784667969,
    492.5816345214844,
    497.19976806640625,
    497.9917907714844,
    496.290283203125,
    496.7125549316406,
    489.99066162109375,
    487.21649169921875,
    489.78173828125,
    487.24908447265625,
    487.8442687988281,
    487.81640625,
    486.5743408203125,
    484.6114501953125,
    489.7079772949219,
    483.4788513183594,
    484.00634765625,
    485.19549560546875,
    483.9171142578125,
    484.86749267578125,
    488.071044921875,
    485.5199890136719,
    484.2441711425781,
    486.1837463378906,
    488.9889831542969,
    482.4266357421875,
    479.6260681152344,
    477.7137145996094,
    476.1347961425781,
    480.2801513671875,
    468.5902404785156,
    466.48345947265625,
    467.7584533691406,
    462.5082092285156,
    462.7188415527344,
    467.2718200683594,
    476.9473571777344,
    481.595947265625,
    480.7711486816406,
    478.4846496582031,
    472.4091796875,
    477.4908142089844,
    474.7884521484375,
    467.33087158203125,
    464.9004211425781,
    465.8612060546875,
    458.8592224121094,
    467.35321044921875,
    467.1402893066406,
    467.06903076171875,
    464.0425109863281,
    455.7048645019531,
    448.6423034667969,
    457.15869140625,
    461.9668273925781,
    461.2635498046875,
    467.7397155761719,
    473.9576416015625,
    470.55450439453125,
    464.0863342285156,
    469.2251892089844,
    467.61419677734375,
    463.1773681640625,
    463.1749572753906,
    463.35369873046875,
    458.5810241699219,
    454.19293212890625,
    454.6553955078125,
    452.9338073730469,
    450.38543701171875,
    450.3716735839844,
    448.98828125,
    443.778564453125,
    453.10418701171875,
    451.7763366699219,
    450.84466552734375,
    447.4447937011719,
    448.4450988769531,
    451.2894287109375,
    450.6512451171875,
    450.2484130859375,
    453.9285583496094,
    453.2966003417969,
    451.2527770996094,
    454.906005859375,
    453.2897644042969,
    446.8257141113281,
    440.7766418457031,
    441.357177734375,
    436.4774475097656,
    442.2203369140625,
    444.24884033203125,
    449.0039978027344,
    446.43499755859375,
    444.1150817871094,
    440.74774169921875,
    437.78582763671875,
    432.37005615234375,
    429.7794189453125,
    441.85711669921875,
    441.2979736328125,
    438.8603820800781,
    440.15472412109375,
    443.265625,
    439.159912109375,
    437.1624450683594,
    442.302490234375,
    440.0121154785156,
    436.8251953125,
    437.7865295410156,
    436.6456604003906,
    434.27655029296875,
    437.76580810546875,
    434.971923828125,
    432.63275146484375,
    433.9984130859375,
    430.1618347167969,
    431.04254150390625,
    431.22845458984375,
    427.54620361328125,
    427.36846923828125,
    431.1673583984375,
    432.8124084472656,
    430.427978515625,
    430.2070617675781,
    433.7315979003906,
    430.7331237792969,
    435.2308044433594,
    434.22283935546875,
    429.83880615234375,
    428.6136169433594,
    426.69427490234375,
    429.3035583496094,
    424.1694641113281,
    421.4398193359375,
    423.9332580566406,
    421.2060241699219,
    419.8947448730469,
    417.4391784667969,
    417.0965881347656
  ],