{
  "dims": [
    "pulseIndex"
  ],
  "attrs": {
    "shape": [
      280
    ]
  },
  "data": [
    390.9095764160156,
    393.65740966796875,
    395.99639892578125,
    399.42486572265625,
    400.4776306152344,
    404.3614807128906,
    405.9996032714844,
    410.3612060546875,
    410.64837646484375,
    408.8023681640625,
    414.9523620605469,
    414.7344665527344,
    415.6505432128906,
    416.8058166503906,
    422.8486022949219,
    423.334228515625,
    422.1590881347656,
    423.7641906738281,
    426.07452392578125,
    422.73455810546875,
    424.2337951660156,
    431.2050476074219,
    427.5177917480469,
    426.2383728027344,
    428.6366271972656,
    432.4722595214844,
    430.9824523925781,
    431.93792724609375,
    440.9774169921875,
    440.4430236816406,
    441.4268798828125,
    439.5072937011719,
    442.17071533203125,
    442.980712890625,
    440.82244873046875,
    439.86260986328125,
    441.56292724609375,
    441.8800048828125,
    447.14532470703125,
    450.6972961425781,
    449.7076416015625,
    448.2806701660156,
    449.1636657714844,
    450.4115905761719,
    446.507080078125,
    448.4330749511719,
    453.8013610839844,
    454.89154052734375,
    451.83990478515625,
    453.8509521484375,
    450.72174072265625,
    449.5859069824219,
    449.8688049316406,
    449.8706359863281,
    452.8428955078125,
    455.3890380859375,
    458.2176818847656,
    463.205810546875,
    460.86871337890625,
    463.78924560546875,
    459.6631164550781,
    461.456787109375,
    462.5458068847656,
    460.60595703125,
    457.3535461425781,
    458.61474609375,
    458.68524169921875,
    456.8511962890625,
    457.8763427734375,
    460.81243896484375,
    461.91485595703125,
    462.5057678222656,
    462.92144775390625,
    462.9326477050781,
    463.21826171875,
    460.57403564453125,
    458.7557067871094,
    457.4562072753906,
    456.4023132324219,
    459.055908203125,
    462.1203308105469,
    465.25390625,
    462.14520263671875,
    459.1120300292969,
    462.3877868652344,
    461.9951477050781,
    458.14862060546875,
    458.82354736328125,
    457.6068420410156,
    455.460205078125,
    461.7618408203125,
    464.3343811035156,
    458.4896240234375,
    460.28485107421875,
    463.9512939453125,
    461.65875244140625,
    460.1495056152344,
    459.7138977050781,
    458.0259094238281,
    454.59417724609375,
    457.0111083984375,
    458.85528564453125,
    457.4545593261719,
    461.9953918457031,
    452.4853820800781,
    452.61419677734375,
    457.6827392578125,
    459.2134704589844,
    460.36279296875,
    460.00274658203125,
    460.0718688964844,
    456.50323486328125,
    458.703857421875,
    462.3594665527344,
    459.7198486328125,
    459.4356384277344,
    459.828125,
    459.3385925292969,
    458.7415771484375,
    459.42498779296875,
    453.4980163574219,
    448.1321105957031,
    444.3041687011719,
    450.1737976074219,
    446.60479736328125,
    448.0572204589844,
    453.57861328125,
    456.03265380859375,
    451.1714782714844,
    449.1356201171875,
    450.32037353515625,
    443.4473571777344,
    434.1177062988281,
    444.03662109375,
    450.27020263671875,
    447.7174377441406,
    446.4375915527344,
    450.9661560058594,
    451.91094970703125,
    443.5329284667969,
    442.54864501953125,
    444.3736877441406,
    445.816162109375,
    448.56085205078125,
    448.27325439453125,
    446.67010498046875,
    441.6430358886719,
    441.5516357421875,
    445.4551086425781,
    440.9468688964844,
    443.3570251464844,
    442.9096984863281,
    442.4334716796875,
    440.6004333496094,
    442.71722412109375,
    438.3810119628906,
    437.9299011230469,
    437.8001403808594,
    436.9229431152344,
    440.7291259765625,
    441.5869140625,
    438.8953857421875,
    438.2573547363281,
    439.7252502441406,
    441.568603515625,
    436.8200378417969,
    434.6515808105469,
    434.052490234375,
    434.22174072265625,
    437.1028747558594,
    429.3973693847656,
    426.7868347167969,
    427.11553955078125,
    426.20379638671875,
    423.6949157714844,
    426.1982116699219,
    432.9643859863281,
    437.81500244140625,
    437.9140930175781,
    435.36572265625,
    431.4035949707031,
    433.89678955078125,
    429.9331359863281,
    426.6694641113281,
    426.505859375,
    425.3164367675781,
    422.9389343261719,
    426.7796630859375,
    427.6936950683594,
    426.8408203125,
    425.890869140625,
    419.5044250488281,
    416.0223083496094,
    421.20245361328125,
    424.1402893066406,
    427.1148681640625,
    429.8897705078125,
    433.3511962890625,
    429.03265380859375,
    425.312744140625,
    427.9122009277344,
    425.27044677734375,
    423.8757629394531,
    423.7872619628906,
    425.91534423828125,
    423.98455810546875,
    418.8599853515625,
    419.4434509277344,
    421.0290832519531,
    418.1950378417969,
    418.7342834472656,
    417.0897521972656,
    413.5687561035156,
    420.1557312011719,
    419.6452331542969,
    419.09332275390625,
    418.6077880859375,
    418.6286926269531,
    417.01025390625,
    417.17205810546875,
    417.2627868652344,
    420.36566162109375,
    417.5863952636719,
    416.6322021484375,
    420.9796142578125,
    418.5425109863281,
    413.436767578125,
    410.6500549316406,
    409.71917724609375,
    406.13067626953125,
    412.4016418457031,
    414.45947265625,
    418.24481201171875,
    415.8089294433594,
    414.7702331542969,
    413.846435546875,
    412.3984069824219,
    409.1712646484375,
    407.03912353515625,
    414.9358215332031,
    413.328857421875,
    410.018798828125,
    413.3116760253906,
    412.6659240722656,
    410.2569274902344,
    408.2320556640625,
    412.29034423828125,
    411.39227294921875,
    408.8207702636719,
    410.2733154296875,
    411.0609130859375,
    405.97174072265625,
    411.2526550292969,
    406.8318176269531,
    406.8624572753906,
    406.86907958984375,
    405.4892272949219,
    406.3418884277344,
    408.32318115234375,
    404.9906311035156,
    405.7630920410156,
    406.63763427734375,
    405.315673828125,
    406.3672180175781,
    406.06793212890625,
    408.19232177734375,
    405.2021179199219,
    409.2225036621094,
    409.00604248046875,
    406.4732666015625,
    403.94525146484375,
    402.0904541015625,
    405.43701171875,
    402.9721374511719,
    401.2214050292969,
    401.91644287109375,
    397.7821044921875,
    397.3930969238281,
    397.1170654296875,
    396.58416748046875
  ],