{
  "dims": [
    "pulseIndex"
  ],
  "attrs": {
    "shape": [
      280
    ]
  },
  "data": [
    471.00408935546875,
    471.4487609863281,
    476.5265808105469,
    477.8756103515625,
    477.49298095703125,
    481.83489990234375,
    482.7514953613281,
    485.05474853515625,
    485.5046691894531,
    484.8953857421875,
    488.85821533203125,
    488.7951965332031,
    490.4172668457031,
    492.3135986328125,
    495.9019775390625,
    497.272705078125,
    494.4604187011719,
    496.824462890625,
    500.0279235839844,
    494.4974670410156,
    498.24212646484375,
    502.1271667480469,
    501.08062744140625,
    497.1644592285156,
    499.8791809082031,
    503.2777404785156,
    501.3080749511719,
    501.27581787109375,
    505.89947509765625,
    508.3042297363281,
    507.7858581542969,
    506.8003845214844,
    510.752197265625,
    506.4258728027344,
    505.02923583984375,
    505.48028564453125,
    508.25457763671875,
    505.1453857421875,
    511.5485534667969,
    512.05810546875,
    508.40008544921875,
    510.67962646484375,
    509.6011047363281,
    509.06268310546875,
    508.0397033691406,
    506.2084655761719,
    511.9797668457031,
    513.4674072265625,
    506.87158203125,
    509.6834716796875,
    508.506103515625,
    504.1896057128906,
    507.44024658203125,
    505.03289794921875,
    507.12335205078125,
    508.43927001953125,
    510.61187744140625,
    514.1495971679688,
    512.6959838867188,
    513.2645874023438,
    510.0721130371094,
    512.5463256835938,
    510.8721618652344,
    509.45306396484375,
    505.2702941894531,
    506.24237060546875,
    508.0307312011719,
    505.325439453125,
    500.7939453125,
    505.3857727050781,
    504.0450439453125,
    505.0325012207031,
    506.984130859375,
    505.28826904296875,
    503.875244140625,
    502.0276794433594,
    500.181396484375,
    499.4708251953125,
    496.2738952636719,
    499.0116271972656,
    499.7535095214844,
    503.1355285644531,
    500.3604736328125,
    495.50250244140625,
    499.31500244140625,
    498.1799621582031,
    494.3631591796875,
    493.6780700683594,
    493.0843200683594,
    491.7606201171875,
    492.3805236816406,
    495.4138488769531,
    492.2715759277344,
    491.9120788574219,
    495.10369873046875,
    492.2216491699219,
    489.90081787109375,
    489.22283935546875,
    489.0970153808594,
    485.5320129394531,
    486.0633544921875,
    486.4962463378906,
    487.32403564453125,
    485.52166748046875,
    480.4742431640625,
    479.593994140625,
    482.89739990234375,
    482.218505859375,
    483.9593200683594,
    483.9709167480469,
    483.19049072265625,
    481.8413391113281,
    483.1921691894531,
    483.1698913574219,
    480.2267761230469,
    482.26702880859375,
    479.912109375,
    480.21240234375,
    477.5419616699219,
    478.5489501953125,
    473.8531799316406,
    468.9306335449219,
    464.0589904785156,
    468.5395202636719,
    467.7848205566406,
    466.48370361328125,
    471.09283447265625,
    470.943359375,
    468.5843200683594,
    464.85333251953125,
    465.4201354980469,
    459.25537109375,
    449.79412841796875,
    459.95147705078125,
    465.49798583984375,
    460.5146179199219,
    459.86346435546875,
    463.1787109375,
    464.1585998535156,
    458.013427734375,
    456.1110534667969,
    456.3106384277344,
    459.5009765625,
    460.4485168457031,
    460.1065368652344,
    458.9670715332031,
    453.5127258300781,
    451.6828918457031,
    453.899658203125,
    449.384521484375,
    452.21197509765625,
    451.96282958984375,
    450.80279541015625,
    448.9747009277344,
    451.23321533203125,
    447.7845764160156,
    445.3030700683594,
    447.1198425292969,
    445.2859191894531,
    446.6421203613281,
    448.2727966308594,
    445.6200866699219,
    445.4928894042969,
    444.7012939453125,
    447.0069580078125,
    444.05303955078125,
    439.9645080566406,
    439.15716552734375,
    437.4930725097656,
    442.2413024902344,
    432.85076904296875,
    431.3352966308594,
    431.78765869140625,
    429.3021545410156,
    425.9527893066406,
    431.5536193847656,
    439.6908264160156,
    439.9872741699219,
    438.20159912109375,
    437.149169921875,
    432.3153381347656,
    434.1574401855469,
    432.0791931152344,
    428.0899658203125,
    427.1153259277344,
    426.45672607421875,
    422.9720153808594,
    428.2315368652344,
    428.5537414550781,
    427.6146545410156,
    426.1251525878906,
    418.4029235839844,
    415.7417297363281,
    420.5785217285156,
    424.35736083984375,
    424.6146240234375,
    427.19384765625,
    430.1856384277344,
    429.2519226074219,
    426.19659423828125,
    426.6131591796875,
    425.13812255859375,
    422.05340576171875,
    422.62664794921875,
    425.2956848144531,
    420.25018310546875,
    416.40313720703125,
    418.1184997558594,
    416.62017822265625,
    416.0999450683594,
    415.8041687011719,
    415.1150817871094,
    408.22015380859375,
    416.77880859375,
    418.24798583984375,
    416.8699951171875,
    411.8515930175781,
    411.18768310546875,
    415.01251220703125,
    414.8689880371094,
    415.85711669921875,
    413.3259582519531,
    414.8995666503906,
    414.3548889160156,
    417.4613952636719,
    414.41119384765625,
    412.0578308105469,
    405.0919189453125,
    407.72552490234375,
    403.2412109375,
    407.8669738769531,
    409.0168762207031,
    413.5548095703125,
    411.53326416015625,
    410.713134765625,
    408.4984130859375,
    406.81427001953125,
    403.1790466308594,
    399.57061767578125,
    409.79888916015625,
    406.1706848144531,
    404.96868896484375,
    406.17864990234375,
    408.6213073730469,
    406.5129699707031,
    403.2613220214844,
    407.6414794921875,
    406.861572265625,
    405.7569580078125,
    405.571044921875,
    402.9843444824219,
    401.2406921386719,
    405.1479187011719,
    402.1357727050781,
    401.30218505859375,
    400.460205078125,
    401.92279052734375,
    400.1699523925781,
    401.785400390625,
    397.58099365234375,
    398.3240051269531,
    401.0481262207031,
    400.7955627441406,
    399.0760498046875,
    399.8690490722656,
    401.39678955078125,
    398.4740295410156,
    402.1322021484375,
    400.3606872558594,
    399.3330078125,
    397.282958984375,
    397.19854736328125,
    397.98809814453125,
    395.80938720703125,
    393.9356384277344,
    394.4708557128906,
    393.3075256347656,
    390.7646484375,
    389.28564453125,
    389.6003723144531
  ],