{
  "dims": [
    "pulseIndex"
  ],
  "attrs": {
    "shape": [
      280
    ]
  },
  "data": [
    532.2734375,
    525.5908813476562,
    527.9102172851562,
    531.8400268554688,
    536.9405517578125,
    542.2550659179688,
    536.852294921875,
    540.5680541992188,
    537.1339721679688,
    537.8685302734375,
    542.1527099609375,
    541.43017578125,
    537.201416015625,
    537.7264404296875,
    545.5053100585938,
    545.0778198242188,
    535.4249267578125,
    536.2931518554688,
    540.1101684570312,
    532.5652465820312,
    529.0059814453125,
    534.7813720703125,
    533.3722534179688,
    530.0623779296875,
    532.5418701171875,
    536.8898315429688,
    530.8964233398438,
    529.8538818359375,
    539.3385620117188,
    542.3060913085938,
    539.9520874023438,
    538.36083984375,
    540.5135498046875,
    538.580078125,
    533.194091796875,
    529.4252319335938,
    530.3168334960938,
    530.72314453125,
    535.4808959960938,
    537.2271728515625,
    530.9801635742188,
    531.6100463867188,
    529.9202880859375,
    528.4368896484375,
    528.177734375,
    528.204345703125,
    532.40185546875,
    536.6405029296875,
    529.65185546875,
    526.619384765625,
    525.5401611328125,
    522.768310546875,
    526.7053833007812,
    524.9867553710938,
    524.3827514648438,
    527.9434814453125,
    530.3051147460938,
    535.9736328125,
    530.6439819335938,
    529.911376953125,
    525.7478637695312,
    525.4592895507812,
    523.8428344726562,
    524.3848266601562,
    518.3145141601562,
    519.2896118164062,
    521.0986328125,
    519.23193359375,
    515.4915161132812,
    519.5612182617188,
    521.4611206054688,
    524.3343505859375,
    525.5310668945312,
    523.9730224609375,
    524.1090698242188,
    518.5307006835938,
    515.2943115234375,
    511.6930847167969,
    510.25311279296875,
    512.1742553710938,
    518.6331176757812,
    520.7665405273438,
    514.7979125976562,
    507.91534423828125,
    510.9143371582031,
    510.028076171875,
    501.78729248046875,
    503.7099609375,
    507.862548828125,
    503.56585693359375,
    509.57421875,
    513.9461669921875,
    504.99700927734375,
    507.2586669921875,
    512.5017700195312,
    510.8938903808594,
    503.71240234375,
    503.8741455078125,
    505.1083068847656,
    496.4867858886719,
    498.8775329589844,
    499.73052978515625,
    497.836669921875,
    499.7002258300781,
    490.9026794433594,
    486.1094665527344,
    490.73187255859375,
    491.53985595703125,
    499.8882751464844,
    497.25775146484375,
    497.1300964355469,
    491.6901550292969,
    494.18048095703125,
    498.7818298339844,
    498.6993408203125,
    501.5550842285156,
    498.2192687988281,
    495.8741760253906,
    493.8240051269531,
    492.781982421875,
    484.5335998535156,
    479.2071228027344,
    475.6203918457031,
    480.3797607421875,
    476.67364501953125,
    476.6063537597656,
    478.98272705078125,
    481.072509765625,
    479.803466796875,
    474.11328125,
    475.7598571777344,
    467.8567810058594,
    456.8196716308594,
    469.3993225097656,
    479.9688415527344,
    473.0392761230469,
    472.8277282714844,
    475.8996276855469,
    481.1307678222656,
    470.02374267578125,
    469.27508544921875,
    467.3315734863281,
    472.0779724121094,
    472.23394775390625,
    471.8963317871094,
    472.5682678222656,
    465.8836669921875,
    464.0777282714844,
    465.6318359375,
    461.0445556640625,
    462.97650146484375,
    463.078125,
    462.76422119140625,
    460.7859191894531,
    464.7983093261719,
    459.0787353515625,
    459.1248474121094,
    460.7340393066406,
    459.1494140625,
    459.9409484863281,
    465.6520690917969,
    461.3994140625,
    460.3912353515625,
    463.09375,
    464.2609558105469,
    457.6377868652344,
    453.7120056152344,
    453.3321533203125,
    452.06048583984375,
    455.63525390625,
    443.6888427734375,
    440.4145202636719,
    442.41534423828125,
    438.01678466796875,
    435.93280029296875,
    442.4049072265625,
    452.4548645019531,
    455.98004150390625,
    456.0139465332031,
    454.4972229003906,
    449.1481628417969,
    453.5855407714844,
    451.6177978515625,
    443.11456298828125,
    440.72491455078125,
    439.55487060546875,
    434.2686462402344,
    441.0736083984375,
    442.0116882324219,
    440.86590576171875,
    439.6098937988281,
    427.2682800292969,
    423.6929931640625,
    430.5517883300781,
    434.8763122558594,
    434.69683837890625,
    442.64105224609375,
    449.6919860839844,
    446.30889892578125,
    440.2314758300781,
    445.1527404785156,
    442.6997985839844,
    437.4659729003906,
    438.1581726074219,
    439.86846923828125,
    434.0821228027344,
    428.3771057128906,
    429.0879821777344,
    429.8404846191406,
    424.9615478515625,
    427.509765625,
    424.99188232421875,
    418.99188232421875,
    426.3590393066406,
    426.4805908203125,
    424.8257141113281,
    423.19775390625,
    424.4056396484375,
    426.3719787597656,
    426.4019775390625,
    424.244384765625,
    428.5302734375,
    426.7392883300781,
    425.4822998046875,
    430.6835632324219,
    428.19049072265625,
    421.24639892578125,
    415.5289001464844,
    415.3973693847656,
    410.8233642578125,
    415.7906799316406,
    418.80255126953125,
    424.5997619628906,
    419.3401794433594,
    418.2174377441406,
    415.9454345703125,
    413.4669189453125,
    409.2356262207031,
    404.2104797363281,
    415.9924011230469,
    415.2239074707031,
    413.6440734863281,
    415.26043701171875,
    418.4738464355469,
    414.8941955566406,
    412.7551574707031,
    416.9264831542969,
    414.8062438964844,
    412.8774108886719,
    412.8873596191406,
    411.6350402832031,
    407.22418212890625,
    413.97528076171875,
    406.3492431640625,
    408.07952880859375,
    404.9740295410156,
    405.14453125,
    407.0771179199219,
    406.3080139160156,
    403.5497131347656,
    402.36883544921875,
    405.7756652832031,
    406.2302551269531,
    404.5648498535156,
    403.896484375,
    409.3825988769531,
    405.5184020996094,
    410.9813537597656,
    409.6928405761719,
    406.125,
    403.2779846191406,
    400.7745056152344,
    403.0654602050781,
    399.2696533203125,
    397.08349609375,
    399.5541687011719,
    394.6449890136719,
    393.7227783203125,
    390.6807556152344,
    389.3606872558594
  ],