{
  "dims": [
    "pulseIndex"
  ],
  "attrs": {
    "shape": [
      280
    ]
  },
  "data": [
    542.9090576171875,
    536.4396362304688,
    540.0673828125,
    542.8414916992188,
    549.1751098632812,
    551.2188110351562,
    547.8431396484375,
    550.4351806640625,
    548.9349975585938,
    548.7311401367188,
    551.8023681640625,
    552.0983276367188,
    548.171142578125,
    549.3807983398438,
    555.3983154296875,
    554.0343627929688,
    545.3235473632812,
    546.7330932617188,
    548.332763671875,
    542.8197021484375,
    540.810302734375,
    545.2251586914062,
    542.0711059570312,
    541.1099243164062,
    543.0982055664062,
    545.2235107421875,
    538.7109375,
    540.1130981445312,
    548.423095703125,
    549.08837890625,
    548.1502685546875,
    547.9020385742188,
    549.406005859375,
    547.9094848632812,
    542.160888671875,
    539.0623779296875,
    540.3837280273438,
    541.6904907226562,
    545.62353515625,
    545.0748901367188,
    541.6320190429688,
    539.267578125,
    538.4260864257812,
    540.1010131835938,
    537.5155029296875,
    536.8775024414062,
    538.7809448242188,
    544.11669921875,
    536.5313720703125,
    534.2564697265625,
    534.354736328125,
    532.2744750976562,
    535.9805297851562,
    534.1838989257812,
    532.09521484375,
    535.923828125,
    536.5678100585938,
    542.3792114257812,
    539.3062744140625,
    537.1771850585938,
    531.257568359375,
    533.6544189453125,
    529.3497924804688,
    529.189453125,
    526.9864501953125,
    526.7267456054688,
    528.198974609375,
    526.4564819335938,
    522.58447265625,
    526.08984375,
    528.0208129882812,
    530.6890869140625,
    531.079833984375,
    531.1380004882812,
    530.8132934570312,
    524.7847290039062,
    522.786865234375,
    518.6798095703125,
    519.2147827148438,
    518.0849609375,
    523.758056640625,
    527.3477783203125,
    520.9976196289062,
    512.9539184570312,
    516.7388305664062,
    514.2062377929688,
    510.0723571777344,
    511.612060546875,
    515.3099975585938,
    512.83837890625,
    518.2385864257812,
    520.523193359375,
    512.4415283203125,
    513.719970703125,
    516.711669921875,
    515.3261108398438,
    511.5979309082031,
    511.29083251953125,
    512.5272827148438,
    505.881103515625,
    504.0002746582031,
    509.0440979003906,
    506.03924560546875,
    505.3205871582031,
    496.83172607421875,
    492.8585205078125,
    495.9177551269531,
    499.041015625,
    505.1855773925781,
    503.3839416503906,
    504.8540954589844,
    501.2600402832031,
    502.4950866699219,
    504.17864990234375,
    504.452880859375,
    506.35528564453125,
    501.9525146484375,
    501.16595458984375,
    499.38677978515625,
    499.90576171875,
    491.9751892089844,
    486.8171081542969,
    482.999755859375,
    489.98101806640625,
    483.79412841796875,
    483.7271728515625,
    486.8380432128906,
    487.1151428222656,
    486.1783142089844,
    479.08270263671875,
    480.822265625,
    474.9111633300781,
    462.2284240722656,
    475.55413818359375,
    482.9167175292969,
    481.1463317871094,
    477.8111877441406,
    482.2666931152344,
    485.38140869140625,
    476.2523193359375,
    473.5834655761719,
    474.2388916015625,
    477.8694763183594,
    476.95013427734375,
    477.8451843261719,
    477.631103515625,
    471.3909606933594,
    470.5517272949219,
    471.8551940917969,
    467.22833251953125,
    468.06585693359375,
    468.2016906738281,
    468.7415466308594,
    466.7790832519531,
    469.2960205078125,
    465.5771179199219,
    465.06719970703125,
    466.4941711425781,
    466.39056396484375,
    464.5254211425781,
    468.52239990234375,
    466.3314514160156,
    465.5208740234375,
    467.8620300292969,
    471.69671630859375,
    464.7893371582031,
    457.98052978515625,
    460.1921081542969,
    457.319580078125,
    460.4994201660156,
    450.11236572265625,
    446.534423828125,
    449.781494140625,
    445.337890625,
    442.4501953125,
    448.471435546875,
    457.9371643066406,
    461.08428955078125,
    460.7694091796875,
    459.5388488769531,
    453.9747619628906,
    457.7287902832031,
    455.57110595703125,
    450.7173156738281,
    448.78826904296875,
    447.28131103515625,
    439.6330261230469,
    446.6585998535156,
    446.68505859375,
    447.2573547363281,
    445.94232177734375,
    436.20965576171875,
    430.2575988769531,
    436.1864318847656,
    441.0164794921875,
    441.01727294921875,
    445.8920593261719,
    451.6490783691406,
    449.5436096191406,
    445.3746032714844,
    449.3240051269531,
    448.7818603515625,
    443.7762145996094,
    442.97650146484375,
    445.199951171875,
    440.8416442871094,
    433.93121337890625,
    434.8347473144531,
    434.0456237792969,
    431.271240234375,
    431.6844177246094,
    430.552490234375,
    423.6090393066406,
    431.3961486816406,
    431.50946044921875,
    428.9988098144531,
    426.5469665527344,
    430.909423828125,
    432.7791748046875,
    431.7059020996094,
    429.5691223144531,
    432.0345153808594,
    430.5775451660156,
    429.71490478515625,
    435.2431640625,
    434.6140441894531,
    426.8203430175781,
    421.4813537597656,
    421.8154296875,
    417.3452453613281,
    421.7178955078125,
    423.4975891113281,
    427.76409912109375,
    425.6104736328125,
    423.7599182128906,
    419.7030334472656,
    419.0577392578125,
    412.8957214355469,
    410.91851806640625,
    421.3414306640625,
    419.40576171875,
    419.91351318359375,
    421.9686584472656,
    421.64263916015625,
    419.2102966308594,
    419.37225341796875,
    422.547607421875,
    419.4641418457031,
    417.8520202636719,
    416.7130432128906,
    416.0567932128906,
    411.7418212890625,
    417.7603759765625,
    413.55682373046875,
    411.1056823730469,
    411.1322937011719,
    410.8871765136719,
    411.25225830078125,
    412.04034423828125,
    408.04229736328125,
    407.51971435546875,
    411.95556640625,
    411.52606201171875,
    409.34356689453125,
    409.1814880371094,
    413.99517822265625,
    411.08782958984375,
    412.76251220703125,
    412.394287109375,
    410.44586181640625,
    406.49676513671875,
    406.56390380859375,
    408.67791748046875,
    405.50921630859375,
    403.88726806640625,
    404.5112609863281,
    400.36346435546875,
    398.1251220703125,
    396.0627746582031,
    396.5598449707031
  ],