{
  "dims": [
    "pulseIndex"
  ],
  "attrs": {
    "shape": [
      280
    ]
  },
  "data": [
    458.9832763671875,
    460.0362548828125,
    461.9801330566406,
    464.3809509277344,
    465.8955383300781,
    469.09527587890625,
    472.0820617675781,
    475.7700500488281,
    475.4978942871094,
    475.1315002441406,
    476.9361572265625,
    478.538330078125,
    480.91796875,
    481.3415832519531,
    488.4736633300781,
    489.2791442871094,
    486.074951171875,
    486.3233642578125,
    492.5082702636719,
    486.07806396484375,
    489.2413024902344,
    494.1025085449219,
    494.699462890625,
    488.34332275390625,
    493.8140869140625,
    495.7557678222656,
    492.5508728027344,
    493.9621276855469,
    501.2685546875,
    500.1549987792969,
    502.77349853515625,
    503.4224548339844,
    504.22943115234375,
    501.9333801269531,
    500.54345703125,
    502.37432861328125,
    503.7861022949219,
    502.3033142089844,
    506.8085021972656,
    507.95294189453125,
    509.3329772949219,
    508.1482238769531,
    507.049560546875,
    505.3807067871094,
    503.4220275878906,
    503.56707763671875,
    509.6384582519531,
    510.6212463378906,
    505.3730163574219,
    509.0719299316406,
    504.5977783203125,
    503.4849548339844,
    504.8616943359375,
    506.3731384277344,
    506.4581604003906,
    508.0951843261719,
    510.9224548339844,
    513.3231811523438,
    511.0865783691406,
    515.0692749023438,
    510.43389892578125,
    509.6316223144531,
    509.9423522949219,
    509.5893859863281,
    506.2474060058594,
    507.144287109375,
    506.53289794921875,
    503.9979248046875,
    503.00628662109375,
    506.0097961425781,
    506.3019714355469,
    508.21197509765625,
    508.9627380371094,
    508.3622131347656,
    507.0322265625,
    502.4422607421875,
    502.847412109375,
    500.76092529296875,
    498.01715087890625,
    501.19207763671875,
    501.3946533203125,
    505.8461608886719,
    502.80169677734375,
    497.0521545410156,
    502.76605224609375,
    500.7149963378906,
    495.86431884765625,
    496.3661193847656,
    497.4120788574219,
    494.2379455566406,
    499.74005126953125,
    499.1695556640625,
    494.5014953613281,
    496.6115417480469,
    497.2777404785156,
    496.66851806640625,
    494.29840087890625,
    493.1127014160156,
    492.0103759765625,
    489.43597412109375,
    487.647705078125,
    491.34698486328125,
    489.34173583984375,
    491.16387939453125,
    484.96380615234375,
    481.6787109375,
    487.8336181640625,
    488.4266357421875,
    490.822021484375,
    489.3407287597656,
    489.02362060546875,
    485.5816345214844,
    488.10015869140625,
    487.7701416015625,
    485.77337646484375,
    487.43359375,
    486.6475830078125,
    484.90765380859375,
    482.4353942871094,
    482.76513671875,
    478.47442626953125,
    473.4552917480469,
    470.5295715332031,
    474.816162109375,
    470.890625,
    470.5648193359375,
    474.9581298828125,
    479.3898010253906,
    475.1763916015625,
    468.8861083984375,
    470.48638916015625,
    466.7510986328125,
    454.7681579589844,
    466.142822265625,
    470.97369384765625,
    467.4083251953125,
    466.01611328125,
    468.4461669921875,
    471.5481262207031,
    464.5924377441406,
    461.3558044433594,
    462.6939392089844,
    466.4704284667969,
    466.27984619140625,
    467.8040466308594,
    463.5796203613281,
    461.7141418457031,
    459.0067443847656,
    460.3273620605469,
    456.0635070800781,
    460.4000549316406,
    459.0390930175781,
    456.1712951660156,
    457.0024108886719,
    457.1346740722656,
    455.35479736328125,
    453.3506774902344,
    453.96966552734375,
    453.32037353515625,
    454.66009521484375,
    455.7791748046875,
    453.3739013671875,
    451.8300476074219,
    453.04046630859375,
    454.6888427734375,
    449.58575439453125,
    447.125,
    447.2325134277344,
    445.98797607421875,
    448.443359375,
    440.15618896484375,
    437.5750427246094,
    439.6903991699219,
    435.12640380859375,
    433.6011657714844,
    435.5999450683594,
    443.7347717285156,
    449.1111145019531,
    446.6575927734375,
    444.1767272949219,
    440.93548583984375,
    443.8710632324219,
    439.8459167480469,
    435.2738037109375,
    433.4147033691406,
    434.20086669921875,
    431.3389892578125,
    435.7388916015625,
    436.18316650390625,
    436.4666442871094,
    432.59222412109375,
    426.8321533203125,
    425.4009704589844,
    430.5494689941406,
    432.51495361328125,
    434.4652404785156,
    436.87139892578125,
    439.6221008300781,
    436.51971435546875,
    431.75634765625,
    435.7301940917969,
    434.3326110839844,
    429.6458740234375,
    430.4502258300781,
    431.3305358886719,
    427.41827392578125,
    424.0639953613281,
    426.358642578125,
    426.1417236328125,
    422.8619689941406,
    424.4045715332031,
    421.5550537109375,
    420.1496276855469,
    425.8559265136719,
    424.9494323730469,
    425.650390625,
    422.3198547363281,
    422.33740234375,
    422.4173583984375,
    424.7135925292969,
    423.9891357421875,
    423.4599914550781,
    423.58123779296875,
    422.5367736816406,
    426.28759765625,
    423.0608215332031,
    420.85797119140625,
    415.1943664550781,
    414.06591796875,
    410.5584716796875,
    416.6206359863281,
    421.8948059082031,
    424.06097412109375,
    419.5015869140625,
    420.0109558105469,
    419.3440246582031,
    415.2984619140625,
    411.34979248046875,
    407.9360046386719,
    418.68267822265625,
    416.0367736816406,
    416.1932067871094,
    416.70245361328125,
    419.4459228515625,
    415.97198486328125,
    414.4362487792969,
    416.3631591796875,
    415.0588073730469,
    414.5700378417969,
    414.962646484375,
    412.6014404296875,
    411.2601318359375,
    415.0375061035156,
    411.7724609375,
    411.3965759277344,
    410.0434265136719,
    409.8665771484375,
    409.9242858886719,
    410.7981262207031,
    408.7314758300781,
    408.3157653808594,
    409.0153503417969,
    411.74163818359375,
    410.5145568847656,
    409.37957763671875,
    412.1432189941406,
    409.3222961425781,
    411.24432373046875,
    412.4603271484375,
    407.5091857910156,
    405.781494140625,
    406.0445251464844,
    406.6932067871094,
    406.7657165527344,
    402.837158203125,
    404.400390625,
    400.90673828125,
    402.7951965332031,
    399.1617431640625,
    397.9480895996094
  ],