{
  "dims": [
    "pulseIndex"
  ],
  "attrs": {
    "shape": [
      280
    ]
  },
  "data": [
    414.1135559082031,
    413.1666259765625,
    418.21990966796875,
    419.06109619140625,
    421.96234130859375,
    426.54736328125,
    428.3083801269531,
    430.68927001953125,
    428.1697692871094,
    431.1073913574219,
    434.3114929199219,
    435.64581298828125,
    436.67071533203125,
    437.30450439453125,
    444.80487060546875,
    445.4745788574219,
    444.56732177734375,
    447.6391906738281,
    446.58770751953125,
    446.7903747558594,
    448.5666198730469,
    452.42022705078125,
    451.6298522949219,
    447.8338317871094,
    449.7118835449219,
    455.3919372558594,
    452.48394775390625,
    452.89471435546875,
    461.1817932128906,
    463.63153076171875,
    461.968505859375,
    461.8125915527344,
    462.443603515625,
    462.6239929199219,
    461.28106689453125,
    461.01239013671875,
    464.79083251953125,
    464.1177978515625,
    470.32769775390625,
    471.7084655761719,
    470.4493408203125,
    472.9365234375,
    472.4388122558594,
    472.66485595703125,
    470.980712890625,
    471.1086120605469,
    475.3310546875,
    476.6944580078125,
    473.0982666015625,
    475.39739990234375,
    473.18499755859375,
    471.63299560546875,
    472.7181701660156,
    474.27423095703125,
    475.8756103515625,
    478.0049133300781,
    481.6573181152344,
    483.2861022949219,
    481.81298828125,
    485.1171569824219,
    481.48138427734375,
    483.21600341796875,
    482.6595764160156,
    481.73895263671875,
    479.7960510253906,
    479.7039489746094,
    479.4274597167969,
    477.35235595703125,
    479.5267333984375,
    482.0662536621094,
    483.11932373046875,
    483.5198974609375,
    485.5703430175781,
    484.6451110839844,
    484.2579345703125,
    482.1121520996094,
    481.1925048828125,
    478.1661682128906,
    479.3642272949219,
    481.0481262207031,
    483.2242736816406,
    486.72174072265625,
    484.24688720703125,
    479.1722717285156,
    483.55389404296875,
    483.31317138671875,
    479.5106201171875,
    480.8827819824219,
    480.5789489746094,
    479.5954895019531,
    483.58624267578125,
    484.85504150390625,
    481.5492858886719,
    482.12640380859375,
    484.36614990234375,
    482.9073486328125,
    481.5166931152344,
    481.5744323730469,
    482.3787841796875,
    475.40966796875,
    476.2235107421875,
    479.3415832519531,
    479.7086486816406,
    481.5691223144531,
    474.65447998046875,
    474.6099853515625,
    478.18756103515625,
    480.3169860839844,
    482.5583801269531,
    482.6403503417969,
    480.5961608886719,
    478.018310546875,
    480.56951904296875,
    482.2149658203125,
    481.15423583984375,
    483.4593200683594,
    483.2431640625,
    480.9421691894531,
    478.02044677734375,
    480.0911560058594,
    475.5381774902344,
    470.7496032714844,
    467.62335205078125,
    471.0111999511719,
    468.8326110839844,
    469.8651428222656,
    473.8878479003906,
    474.97235107421875,
    474.3328857421875,
    468.49456787109375,
    471.1959533691406,
    466.7834167480469,
    456.6936950683594,
    465.249755859375,
    473.16943359375,
    468.25482177734375,
    467.8922119140625,
    470.37799072265625,
    471.6669616699219,
    464.86798095703125,
    464.6385192871094,
    463.8209228515625,
    468.005615234375,
    469.3624572753906,
    469.68597412109375,
    468.2786560058594,
    464.6726989746094,
    463.33197021484375,
    463.0514831542969,
    462.0852355957031,
    465.367919921875,
    464.7182312011719,
    464.0300598144531,
    461.481689453125,
    464.3869323730469,
    461.5476989746094,
    457.37884521484375,
    460.3399658203125,
    458.5917663574219,
    460.65216064453125,
    460.8231201171875,
    460.5837097167969,
    459.7550048828125,
    459.0801086425781,
    462.9779357910156,
    456.9849548339844,
    455.7837829589844,
    456.0727844238281,
    454.1880187988281,
    457.27716064453125,
    449.0052795410156,
    446.8251953125,
    446.1756591796875,
    444.6181335449219,
    443.2109069824219,
    447.9320068359375,
    454.82452392578125,
    457.91717529296875,
    458.10284423828125,
    457.7068176269531,
    451.5195617675781,
    453.9584655761719,
    451.9244079589844,
    447.1152038574219,
    446.2354431152344,
    447.02532958984375,
    443.54669189453125,
    447.06317138671875,
    448.765869140625,
    449.2676086425781,
    446.07720947265625,
    438.8314514160156,
    436.49407958984375,
    442.2417297363281,
    444.6538391113281,
    445.5264892578125,
    450.2550964355469,
    454.2997741699219,
    448.6973571777344,
    445.12066650390625,
    448.10919189453125,
    446.6289978027344,
    444.25,
    444.42669677734375,
    444.41796875,
    442.2093811035156,
    438.7344665527344,
    440.569580078125,
    439.9918212890625,
    439.6571044921875,
    437.4854736328125,
    437.1269836425781,
    433.9183654785156,
    440.5787353515625,
    439.1632080078125,
    438.6475830078125,
    438.7138366699219,
    435.1202392578125,
    437.9351501464844,
    437.03875732421875,
    437.44720458984375,
    437.93157958984375,
    438.078857421875,
    437.83538818359375,
    441.6145324707031,
    438.7981872558594,
    433.4342346191406,
    428.1486511230469,
    429.297607421875,
    425.8270568847656,
    429.9691467285156,
    434.7270812988281,
    439.0802307128906,
    435.12664794921875,
    434.35919189453125,
    431.5636901855469,
    430.1844177246094,
    425.77734375,
    422.4228820800781,
    432.7722473144531,
    432.23046875,
    430.4401550292969,
    430.9649658203125,
    433.9751892089844,
    428.7428283691406,
    429.0293273925781,
    430.1912536621094,
    431.28607177734375,
    428.461669921875,
    428.4186096191406,
    429.871337890625,
    426.3696594238281,
    429.2149963378906,
    426.6481628417969,
    426.4691467285156,
    426.3239440917969,
    425.2818603515625,
    424.9632568359375,
    426.4662170410156,
    423.75152587890625,
    422.6687927246094,
    424.5741882324219,
    426.0218811035156,
    424.3077392578125,
    423.949462890625,
    426.26080322265625,
    424.4389953613281,
    428.3637390136719,
    426.7387390136719,
    425.06884765625,
    421.4325866699219,
    419.45916748046875,
    423.9715881347656,
    419.46575927734375,
    418.93658447265625,
    420.2104797363281,
    416.5029296875,
    414.88922119140625,
    415.8160705566406,
    413.7679748535156
  ],