{
  "dims": [
    "pulseIndex"
  ],
  "attrs": {
    "shape": [
      280
    ]
  },
  "data": [
    468.0158996582031,
    468.29443359375,
    473.9994812011719,
    474.16693115234375,
    474.58673095703125,
    479.4224853515625,
    483.47467041015625,
    485.0574035644531,
    483.5382080078125,
    485.0558776855469,
    488.6590881347656,
    488.1524963378906,
    488.33758544921875,
    491.95721435546875,
    498.2129821777344,
    498.0987548828125,
    498.0270690917969,
    498.0655822753906,
    501.7052001953125,
    497.22918701171875,
    499.7281799316406,
    502.462890625,
    500.52191162109375,
    501.44671630859375,
    499.2637939453125,
    507.22528076171875,
    505.25225830078125,
    503.25067138671875,
    511.4664306640625,
    512.715576171875,
    514.2515258789062,
    511.7481689453125,
    512.1593017578125,
    513.0335083007812,
    511.14178466796875,
    510.10015869140625,
    512.8424682617188,
    511.7743225097656,
    517.0459594726562,
    518.7122802734375,
    517.823486328125,
    518.5454711914062,
    517.723388671875,
    516.4143676757812,
    515.2951049804688,
    515.9598388671875,
    519.8349609375,
    523.2180786132812,
    515.703369140625,
    520.19873046875,
    516.5359497070312,
    511.0802917480469,
    514.5880737304688,
    515.0704345703125,
    514.8155517578125,
    519.4503173828125,
    521.4757690429688,
    525.3667602539062,
    523.0482177734375,
    526.43017578125,
    521.4158935546875,
    520.7317504882812,
    523.717529296875,
    522.0603637695312,
    517.327392578125,
    517.2514038085938,
    517.9844360351562,
    515.5604248046875,
    513.028076171875,
    517.007568359375,
    518.3331909179688,
    520.2713012695312,
    521.8241577148438,
    518.463623046875,
    518.2327270507812,
    513.603759765625,
    515.23876953125,
    511.0111999511719,
    508.428466796875,
    511.4035949707031,
    514.1092529296875,
    518.71826171875,
    513.8253173828125,
    508.98681640625,
    515.401611328125,
    512.497802734375,
    509.1552734375,
    507.75885009765625,
    506.43792724609375,
    504.6226806640625,
    510.5331726074219,
    512.0439453125,
    507.0457763671875,
    508.0946044921875,
    508.67822265625,
    509.81927490234375,
    505.10784912109375,
    504.16229248046875,
    505.836669921875,
    498.59686279296875,
    500.360107421875,
    503.4075927734375,
    502.5487060546875,
    504.4189758300781,
    495.6783142089844,
    494.6126403808594,
    500.3664855957031,
    501.2761535644531,
    500.86590576171875,
    500.8074035644531,
    499.603515625,
    496.5758056640625,
    498.30609130859375,
    503.2411193847656,
    499.75164794921875,
    500.8795166015625,
    499.7564392089844,
    498.4523010253906,
    495.531005859375,
    495.6417236328125,
    490.1679382324219,
    484.8776550292969,
    480.1538391113281,
    486.3949890136719,
    481.4888610839844,
    481.54681396484375,
    489.7405700683594,
    490.7916259765625,
    485.9092712402344,
    482.0227966308594,
    482.508544921875,
    477.3838806152344,
    464.7589416503906,
    476.4658203125,
    484.4523010253906,
    479.5221252441406,
    478.5509033203125,
    482.0884704589844,
    485.8401794433594,
    473.46826171875,
    473.13818359375,
    474.35601806640625,
    478.79296875,
    479.6163024902344,
    478.5306396484375,
    477.5715026855469,
    471.8397521972656,
    471.2491455078125,
    473.4993896484375,
    470.03668212890625,
    470.7577819824219,
    472.0177307128906,
    470.31951904296875,
    468.94427490234375,
    469.0928955078125,
    466.0349426269531,
    462.9565734863281,
    464.48004150390625,
    465.3349914550781,
    465.493408203125,
    469.024169921875,
    466.13134765625,
    463.74163818359375,
    465.7367248535156,
    468.6723937988281,
    462.234619140625,
    458.988037109375,
    459.8160705566406,
    458.43121337890625,
    460.9600830078125,
    451.8272705078125,
    449.22760009765625,
    449.4965515136719,
    445.0284729003906,
    444.63629150390625,
    449.01544189453125,
    456.0827941894531,
    460.65325927734375,
    459.2107238769531,
    458.0291442871094,
    452.34222412109375,
    455.1591491699219,
    451.23553466796875,
    446.4419250488281,
    444.8620300292969,
    444.3641357421875,
    442.42730712890625,
    447.14385986328125,
    449.2551574707031,
    447.6110534667969,
    444.2924499511719,
    436.43975830078125,
    433.79913330078125,
    440.3475036621094,
    444.2879943847656,
    445.3773498535156,
    449.9617919921875,
    453.5005187988281,
    449.1172180175781,
    444.9451904296875,
    448.7064514160156,
    446.3757629394531,
    441.103759765625,
    442.0484619140625,
    443.9161071777344,
    440.6521301269531,
    435.90924072265625,
    437.2818603515625,
    438.265380859375,
    435.56072998046875,
    433.953857421875,
    433.203369140625,
    428.8458251953125,
    438.9677734375,
    436.3891296386719,
    437.5518798828125,
    436.5719299316406,
    434.3791198730469,
    435.3429260253906,
    435.6451416015625,
    434.3926086425781,
    435.5738525390625,
    434.8545227050781,
    432.9962463378906,
    438.22552490234375,
    433.9867858886719,
    430.26873779296875,
    425.6751403808594,
    424.9202880859375,
    421.2882080078125,
    426.58721923828125,
    430.25921630859375,
    434.9600524902344,
    433.8203430175781,
    430.240966796875,
    429.55487060546875,
    426.4015808105469,
    422.2168273925781,
    418.0254211425781,
    429.8751525878906,
    426.1731872558594,
    426.0079345703125,
    428.562744140625,
    430.0518798828125,
    425.0077819824219,
    423.62811279296875,
    429.6480407714844,
    425.7480773925781,
    425.00384521484375,
    426.8296203613281,
    424.34356689453125,
    422.9491882324219,
    426.5831604003906,
    423.31475830078125,
    422.2734069824219,
    422.3146057128906,
    421.8116455078125,
    423.1492919921875,
    422.85015869140625,
    418.8477783203125,
    417.1076354980469,
    420.34735107421875,
    420.9674072265625,
    421.9944763183594,
    420.9752502441406,
    424.0697021484375,
    419.24053955078125,
    423.4359130859375,
    423.87322998046875,
    420.31573486328125,
    416.76171875,
    415.74273681640625,
    418.54150390625,
    416.04705810546875,
    413.33447265625,
    413.71881103515625,
    410.84967041015625,
    411.1747741699219,
    411.5417175292969,
    408.1259765625
  ],