{
  "dims": [
    "pulseIndex"
  ],
  "attrs": {
    "shape": [
      280
    ]
  },
  "data": [
    457.4593811035156,
    458.52496337890625,
    463.26239013671875,
    464.0422668457031,
    465.0429992675781,
    469.2228698730469,
    470.75885009765625,
    473.9334411621094,
    474.3279724121094,
    473.97113037109375,
    477.42120361328125,
    479.6357116699219,
    476.84246826171875,
    484.36328125,
    488.435791015625,
    489.5773620605469,
    488.56390380859375,
    488.0476989746094,
    492.6891174316406,
    485.4040222167969,
    489.2170104980469,
    494.1061706542969,
    495.3502197265625,
    488.716064453125,
    489.9731140136719,
    499.1646423339844,
    497.1426086425781,
    494.9045104980469,
    501.714599609375,
    504.39593505859375,
    503.2212219238281,
    502.146484375,
    504.4268493652344,
    502.2996520996094,
    501.7265930175781,
    501.2330322265625,
    506.3780212402344,
    503.97784423828125,
    507.3973083496094,
    511.4454650878906,
    510.2796936035156,
    511.3819580078125,
    511.7777099609375,
    508.8273010253906,
    508.6821594238281,
    508.47357177734375,
    509.75579833984375,
    514.9201049804688,
    511.30352783203125,
    509.50115966796875,
    507.3502197265625,
    505.38458251953125,
    507.5093078613281,
    508.2464599609375,
    507.934326171875,
    511.5322265625,
    514.5061645507812,
    519.912109375,
    516.9979248046875,
    518.8414916992188,
    516.2774047851562,
    511.99755859375,
    517.2086791992188,
    515.226318359375,
    512.0924072265625,
    510.76251220703125,
    512.5508422851562,
    510.70263671875,
    506.8493957519531,
    512.354736328125,
    513.150390625,
    513.7594604492188,
    515.2050170898438,
    515.249267578125,
    513.935546875,
    508.482666015625,
    508.8193054199219,
    504.6781005859375,
    503.5285949707031,
    508.5242919921875,
    508.9881591796875,
    512.8422241210938,
    512.6185913085938,
    506.013671875,
    508.6170959472656,
    508.61700439453125,
    503.6787414550781,
    502.3648986816406,
    504.2720642089844,
    501.6503601074219,
    507.6911315917969,
    507.6663818359375,
    501.54168701171875,
    502.53515625,
    505.6850891113281,
    503.5043640136719,
    501.5627136230469,
    501.94830322265625,
    501.1305847167969,
    496.919921875,
    497.8042297363281,
    497.9452209472656,
    499.51953125,
    501.73138427734375,
    491.7654724121094,
    489.6632385253906,
    495.1117248535156,
    497.3957214355469,
    500.0459289550781,
    499.3317565917969,
    496.85498046875,
    494.0989990234375,
    497.2282409667969,
    499.0589599609375,
    497.2145080566406,
    498.9991760253906,
    496.1055908203125,
    496.0694885253906,
    492.5877685546875,
    492.1962585449219,
    488.02288818359375,
    482.3725891113281,
    477.49609375,
    484.8958435058594,
    481.0372314453125,
    479.8535461425781,
    485.87066650390625,
    487.4684143066406,
    483.9752197265625,
    479.21856689453125,
    479.4447021484375,
    473.2589416503906,
    464.3100891113281,
    472.1995849609375,
    482.241943359375,
    477.1980895996094,
    477.39788818359375,
    479.9215087890625,
    481.2520751953125,
    471.6332092285156,
    472.8081359863281,
    471.31988525390625,
    476.28179931640625,
    476.5915832519531,
    475.619873046875,
    477.2497863769531,
    470.5945129394531,
    468.4331970214844,
    469.1744689941406,
    466.8881530761719,
    468.3675231933594,
    470.8037414550781,
    468.7451171875,
    466.0721435546875,
    467.7929992675781,
    464.2803649902344,
    461.0129699707031,
    462.63507080078125,
    462.81109619140625,
    464.4591064453125,
    466.22784423828125,
    466.03155517578125,
    464.54901123046875,
    464.2124938964844,
    464.9432067871094,
    458.6831970214844,
    456.4732666015625,
    457.927490234375,
    455.4681091308594,
    460.859130859375,
    450.27874755859375,
    447.8287048339844,
    447.82666015625,
    444.86822509765625,
    442.7271728515625,
    445.7095642089844,
    452.4731750488281,
    458.2507629394531,
    459.1772155761719,
    455.9505615234375,
    450.0762634277344,
    452.1932067871094,
    450.9774475097656,
    444.65252685546875,
    443.24700927734375,
    443.0347900390625,
    440.7817687988281,
    446.9544372558594,
    447.4203796386719,
    447.22296142578125,
    443.8623046875,
    437.167724609375,
    433.7030334472656,
    441.9384765625,
    443.9687805175781,
    446.2982482910156,
    448.54571533203125,
    454.2089538574219,
    448.7350158691406,
    443.72613525390625,
    447.9396667480469,
    446.11920166015625,
    439.770751953125,
    441.267578125,
    443.12847900390625,
    439.4922790527344,
    436.1993103027344,
    436.96868896484375,
    437.6163024902344,
    434.2942810058594,
    435.779541015625,
    432.446044921875,
    432.1168518066406,
    439.66571044921875,
    436.19598388671875,
    437.0568542480469,
    437.97418212890625,
    434.7623596191406,
    435.38934326171875,
    435.6626892089844,
    436.0687255859375,
    435.9352111816406,
    435.732177734375,
    433.60107421875,
    439.12432861328125,
    435.4648742675781,
    429.2811279296875,
    426.6255187988281,
    423.3843994140625,
    421.6351623535156,
    426.8020324707031,
    432.1087341308594,
    435.2606506347656,
    434.8285827636719,
    431.2828063964844,
    431.0464782714844,
    428.25762939453125,
    423.8164978027344,
    419.96881103515625,
    430.5316467285156,
    426.12896728515625,
    428.1307678222656,
    428.4916076660156,
    431.94403076171875,
    423.6414794921875,
    423.40496826171875,
    428.830078125,
    425.5450744628906,
    425.748046875,
    426.7466125488281,
    425.5965270996094,
    423.14727783203125,
    427.097900390625,
    421.9468994140625,
    422.03436279296875,
    423.6527099609375,
    418.8934020996094,
    422.7678527832031,
    422.5127868652344,
    419.71099853515625,
    417.2353820800781,
    420.60858154296875,
    420.93853759765625,
    421.74029541015625,
    422.2459716796875,
    424.7541198730469,
    421.2594299316406,
    425.26983642578125,
    423.6046142578125,
    420.7939453125,
    417.6595764160156,
    415.2451477050781,
    419.5741882324219,
    416.85406494140625,
    414.3529357910156,
    416.0139465332031,
    412.9667663574219,
    412.44915771484375,
    411.7629699707031,
    409.4559020996094
  ],