{
  "dims": [
    "pulseIndex"
  ],
  "attrs": {
    "shape": [
      280
    ]
  },
  "data": [
    456.7123107910156,
    457.1439514160156,
    462.86395263671875,
    462.1987609863281,
    464.3232727050781,
    469.4253845214844,
    473.03302001953125,
    474.671630859375,
    473.49066162109375,
    474.8318176269531,
    477.72802734375,
    478.9632568359375,
    478.9244079589844,
    483.0931701660156,
    489.5769348144531,
    488.0805358886719,
    487.49371337890625,
    487.78887939453125,
    492.2018127441406,
    486.9227294921875,
    489.0700378417969,
    492.9552307128906,
    492.80181884765625,
    489.1432800292969,
    491.1542663574219,
    494.7810974121094,
    494.37457275390625,
    494.0477294921875,
    504.2746276855469,
    502.6307067871094,
    503.25323486328125,
    500.71014404296875,
    502.41583251953125,
    503.1857604980469,
    500.59698486328125,
    501.365478515625,
    502.421142578125,
    500.1273193359375,
    507.5182800292969,
    508.0512390136719,
    506.8487548828125,
    508.1568298339844,
    506.8685607910156,
    507.0668640136719,
    505.3894348144531,
    504.58758544921875,
    510.7235107421875,
    512.57373046875,
    508.8251953125,
    509.27716064453125,
    507.1770324707031,
    503.05914306640625,
    502.8161926269531,
    504.51861572265625,
    504.94110107421875,
    509.8628845214844,
    512.3428955078125,
    516.508056640625,
    514.080810546875,
    516.7662963867188,
    511.0904235839844,
    512.7484741210938,
    511.9422607421875,
    512.1943969726562,
    506.73828125,
    508.31744384765625,
    509.468505859375,
    505.5482177734375,
    503.091064453125,
    507.52581787109375,
    510.8326416015625,
    511.2883605957031,
    512.1928100585938,
    512.51953125,
    508.8434753417969,
    503.82568359375,
    505.2294616699219,
    501.16937255859375,
    500.4038391113281,
    502.3794860839844,
    504.23388671875,
    509.2925109863281,
    507.4676513671875,
    500.3282775878906,
    506.4017333984375,
    503.51715087890625,
    498.9731750488281,
    499.00408935546875,
    499.5873107910156,
    496.3140869140625,
    503.10894775390625,
    502.08587646484375,
    496.8505859375,
    500.8706359863281,
    500.24432373046875,
    499.5771484375,
    496.57421875,
    495.875244140625,
    497.30792236328125,
    491.54205322265625,
    493.4863586425781,
    493.54461669921875,
    494.7711486816406,
    494.94024658203125,
    487.48480224609375,
    488.8321533203125,
    493.25457763671875,
    494.1705627441406,
    494.7779846191406,
    495.5986633300781,
    492.8988952636719,
    488.9486389160156,
    491.9980163574219,
    493.7974853515625,
    490.92822265625,
    490.4486999511719,
    493.2861022949219,
    490.4972229003906,
    488.3993835449219,
    488.3692321777344,
    482.7325439453125,
    477.1009521484375,
    473.178466796875,
    479.75927734375,
    474.8218688964844,
    477.3113098144531,
    482.7081298828125,
    484.01922607421875,
    479.12408447265625,
    475.4002990722656,
    477.20989990234375,
    468.1617736816406,
    457.78765869140625,
    468.3965759277344,
    474.7378234863281,
    471.81976318359375,
    471.2335205078125,
    474.5671691894531,
    476.5160217285156,
    469.2488098144531,
    468.5743408203125,
    468.20465087890625,
    471.8240966796875,
    472.7511901855469,
    472.9314880371094,
    471.7195129394531,
    466.9109191894531,
    464.27874755859375,
    465.541259765625,
    462.3203430175781,
    465.76947021484375,
    466.1058654785156,
    466.23095703125,
    461.65087890625,
    466.2648620605469,
    461.7643127441406,
    458.6658630371094,
    457.9490966796875,
    457.9788513183594,
    460.92193603515625,
    461.7684020996094,
    460.700927734375,
    459.39605712890625,
    459.305419921875,
    460.9056396484375,
    456.228759765625,
    453.1731872558594,
    454.17822265625,
    451.9374084472656,
    454.6081848144531,
    444.9858093261719,
    443.0121765136719,
    441.8748474121094,
    440.0893859863281,
    437.6263427734375,
    440.4339294433594,
    448.27850341796875,
    455.0727844238281,
    453.0435485839844,
    450.1011047363281,
    446.750732421875,
    449.699462890625,
    446.70263671875,
    439.3477478027344,
    438.85003662109375,
    437.8073425292969,
    436.0454406738281,
    440.6062927246094,
    444.1912841796875,
    439.72662353515625,
    440.2999572753906,
    430.5802917480469,
    427.7992248535156,
    434.48052978515625,
    436.52105712890625,
    440.9117736816406,
    444.1053771972656,
    447.7759704589844,
    443.1903381347656,
    438.2170104980469,
    441.4046630859375,
    439.3094177246094,
    435.1480407714844,
    437.1246643066406,
    436.92681884765625,
    434.19537353515625,
    430.184326171875,
    433.4026794433594,
    431.97601318359375,
    429.4437561035156,
    429.0988464355469,
    427.40155029296875,
    425.3489074707031,
    433.5831604003906,
    430.8667297363281,
    431.66387939453125,
    431.25311279296875,
    426.98046875,
    429.4005432128906,
    429.015380859375,
    429.8641357421875,
    429.5359191894531,
    430.0638427734375,
    427.9012145996094,
    432.9559020996094,
    429.4002990722656,
    424.67205810546875,
    420.3433532714844,
    418.4360046386719,
    414.9261474609375,
    420.2695617675781,
    424.20989990234375,
    430.3495178222656,
    427.4573669433594,
    425.0337829589844,
    423.07171630859375,
    421.556884765625,
    416.6226806640625,
    412.8158264160156,
    424.7992858886719,
    421.32421875,
    421.30780029296875,
    423.6056823730469,
    424.99224853515625,
    417.4052429199219,
    418.20880126953125,
    422.5633239746094,
    420.12908935546875,
    419.3861999511719,
    419.8612365722656,
    419.4864501953125,
    416.75933837890625,
    421.2682800292969,
    417.8478698730469,
    416.79046630859375,
    416.98004150390625,
    414.9736022949219,
    416.8902893066406,
    416.4326477050781,
    411.91033935546875,
    412.5752868652344,
    415.11419677734375,
    417.1119689941406,
    415.72479248046875,
    416.642822265625,
    417.81561279296875,
    414.46826171875,
    417.88104248046875,
    417.3513488769531,
    414.24749755859375,
    411.14971923828125,
    410.44317626953125,
    412.7176818847656,
    410.5950622558594,
    407.465087890625,
    408.7951354980469,
    405.96514892578125,
    406.7348937988281,
    404.81134033203125,
    402.3197326660156
  ],