{
  "dims": [
    "pulseIndex"
  ],
  "attrs": {
    "shape": [
      280
    ]
  },
  "data": [
    404.4317932128906,
    404.9005432128906,
    408.15167236328125,
    411.08087158203125,
    413.1072692871094,
    418.1839904785156,
    419.6556396484375,
    422.2825012207031,
    420.55633544921875,
    424.12493896484375,
    426.9309997558594,
    425.02398681640625,
    427.8860168457031,
    432.5146179199219,
    438.0470275878906,
    437.2041931152344,
    436.60125732421875,
    438.1604919433594,
    440.2864990234375,
    439.5952453613281,
    441.61212158203125,
    445.26239013671875,
    443.2083740234375,
    442.4013977050781,
    442.2153015136719,
    448.4775085449219,
    446.3856201171875,
    448.86212158203125,
    455.0164794921875,
    457.2679443359375,
    458.7895812988281,
    456.7115783691406,
    459.1559143066406,
    457.5655212402344,
    454.538330078125,
    457.68096923828125,
    459.74298095703125,
    458.51947021484375,
    462.9642333984375,
    466.9967346191406,
    466.96063232421875,
    469.0970764160156,
    468.3564758300781,
    467.8072204589844,
    467.1551818847656,
    466.2772521972656,
    472.0925598144531,
    476.2773132324219,
    469.2589416503906,
    472.30572509765625,
    470.8121032714844,
    467.9448547363281,
    470.3891296386719,
    470.50677490234375,
    470.7850036621094,
    474.02984619140625,
    479.965576171875,
    480.9878845214844,
    478.7363586425781,
    483.3658752441406,
    479.71893310546875,
    482.6797180175781,
    483.2217712402344,
    481.5267639160156,
    478.5201110839844,
    478.9815368652344,
    481.2978515625,
    478.5096130371094,
    477.26568603515625,
    481.1417236328125,
    480.9981689453125,
    484.7426452636719,
    485.92120361328125,
    484.5323181152344,
    484.75592041015625,
    480.92120361328125,
    479.9464416503906,
    479.03765869140625,
    478.8833312988281,
    480.9020080566406,
    483.8287353515625,
    487.2398986816406,
    486.2845153808594,
    481.7182312011719,
    487.8095703125,
    484.59912109375,
    480.27362060546875,
    482.54522705078125,
    481.4110107421875,
    478.4521179199219,
    485.0048522949219,
    485.92987060546875,
    481.9021301269531,
    484.26104736328125,
    485.4167785644531,
    485.2041320800781,
    483.0140380859375,
    482.564697265625,
    482.1107177734375,
    479.0516357421875,
    478.7147521972656,
    482.2860107421875,
    484.1602783203125,
    484.4052734375,
    478.8476867675781,
    477.5696105957031,
    482.17236328125,
    482.8149108886719,
    485.66668701171875,
    484.26409912109375,
    483.6333312988281,
    481.7374572753906,
    483.3818359375,
    485.3457336425781,
    483.1697692871094,
    486.6963806152344,
    485.24407958984375,
    482.8262634277344,
    480.7822265625,
    481.66851806640625,
    478.59100341796875,
    474.7174072265625,
    469.7519226074219,
    475.2043151855469,
    471.7804870605469,
    473.2960205078125,
    478.4137878417969,
    478.27764892578125,
    476.15142822265625,
    474.0754699707031,
    475.78033447265625,
    471.475830078125,
    458.8338317871094,
    469.9294128417969,
    474.6136474609375,
    471.8392333984375,
    471.38427734375,
    474.8666687011719,
    475.716552734375,
    469.99859619140625,
    468.1975402832031,
    469.4159240722656,
    474.05633544921875,
    473.3527526855469,
    474.0209045410156,
    471.8442687988281,
    467.8252258300781,
    468.32672119140625,
    470.4224853515625,
    466.49798583984375,
    469.7706298828125,
    469.5069580078125,
    469.8817443847656,
    467.0890808105469,
    468.8474426269531,
    465.60174560546875,
    465.3111877441406,
    463.8177795410156,
    464.3841857910156,
    466.78173828125,
    468.98919677734375,
    468.3590393066406,
    464.13836669921875,
    466.3551330566406,
    467.79693603515625,
    463.82171630859375,
    460.72955322265625,
    459.1615295410156,
    460.427734375,
    465.8821105957031,
    456.0956726074219,
    454.4562072753906,
    453.38836669921875,
    451.8728332519531,
    450.2689514160156,
    454.08416748046875,
    459.5936584472656,
    465.077392578125,
    462.7505798339844,
    461.9756164550781,
    457.318359375,
    458.2849426269531,
    457.5157165527344,
    453.4666442871094,
    452.2894592285156,
    452.272216796875,
    449.3623962402344,
    454.19427490234375,
    454.3864440917969,
    455.0709228515625,
    454.9462585449219,
    444.86737060546875,
    444.39630126953125,
    449.5139465332031,
    451.65576171875,
    451.634765625,
    455.75567626953125,
    460.43426513671875,
    455.9017333984375,
    452.5292663574219,
    454.9373474121094,
    454.2645568847656,
    448.5648193359375,
    452.2156677246094,
    451.3515930175781,
    448.99188232421875,
    446.8794250488281,
    447.1699523925781,
    445.58062744140625,
    444.4714050292969,
    444.8384094238281,
    443.256591796875,
    440.2690734863281,
    448.1235656738281,
    445.9521484375,
    447.5640869140625,
    445.33453369140625,
    445.2716369628906,
    445.3461608886719,
    444.5211486816406,
    445.85101318359375,
    446.99774169921875,
    445.41351318359375,
    443.768798828125,
    447.0014343261719,
    446.1731262207031,
    440.56658935546875,
    437.4479675292969,
    436.1354675292969,
    434.3660583496094,
    438.31793212890625,
    440.8514404296875,
    446.30792236328125,
    443.6618347167969,
    442.5141906738281,
    441.1771545410156,
    440.3189392089844,
    434.5511474609375,
    432.8548889160156,
    441.5174560546875,
    438.83721923828125,
    438.9208679199219,
    440.3157653808594,
    441.7169189453125,
    436.99163818359375,
    435.7999572753906,
    439.0802917480469,
    438.837158203125,
    435.69525146484375,
    437.91845703125,
    437.4450988769531,
    435.6549377441406,
    439.3347473144531,
    436.9035949707031,
    433.5257263183594,
    435.4079284667969,
    434.1565856933594,
    433.2590026855469,
    434.10125732421875,
    432.09124755859375,
    429.7453918457031,
    432.85260009765625,
    433.8171691894531,
    433.3040466308594,
    433.8223571777344,
    434.80230712890625,
    431.44903564453125,
    436.4602355957031,
    437.1499938964844,
    435.1444091796875,
    432.18951416015625,
    430.5580749511719,
    431.66265869140625,
    428.062744140625,
    426.3326416015625,
    430.0645751953125,
    425.9710998535156,
    423.9039306640625,
    424.2645263671875,
    423.4256591796875
  ],