{
  "dims": [
    "pulseIndex"
  ],
  "attrs": {
    "shape": [
      280
    ]
  },
  "data": [
    560.204345703125,
    553.189208984375,
    555.587646484375,
    560.1082153320312,
    562.8798217773438,
    566.0551147460938,
    560.3568115234375,
    565.8717041015625,
    564.1680908203125,
    564.4744873046875,
    567.8036499023438,
    564.4677734375,
    563.6631469726562,
    565.2232055664062,
    568.010986328125,
    567.0379028320312,
    561.295166015625,
    562.3985595703125,
    564.4683837890625,
    558.0233154296875,
    555.5516357421875,
    560.8480834960938,
    557.7579345703125,
    556.7391967773438,
    558.5490112304688,
    559.7828979492188,
    555.6689453125,
    556.706787109375,
    561.9822387695312,
    564.2607421875,
    560.997314453125,
    563.15771484375,
    563.7564086914062,
    561.59521484375,
    557.7638549804688,
    554.8876342773438,
    555.0429077148438,
    555.5170288085938,
    559.01220703125,
    558.641845703125,
    554.6323852539062,
    552.2488403320312,
    553.1110229492188,
    554.9489135742188,
    552.623046875,
    549.8573608398438,
    554.279052734375,
    558.6813354492188,
    552.0487060546875,
    549.5082397460938,
    547.6288452148438,
    546.9110107421875,
    551.0152587890625,
    548.2290649414062,
    547.9634399414062,
    548.6704711914062,
    548.2371215820312,
    555.9696655273438,
    550.9083251953125,
    551.255126953125,
    545.3770751953125,
    545.5029296875,
    544.9236450195312,
    543.2991943359375,
    539.8789672851562,
    540.0285034179688,
    541.8056030273438,
    541.4650268554688,
    536.226806640625,
    539.649658203125,
    541.036865234375,
    544.1989135742188,
    545.2412719726562,
    542.0888671875,
    541.7210083007812,
    537.4044189453125,
    534.7354125976562,
    532.9300537109375,
    531.2066650390625,
    531.2745361328125,
    537.4658813476562,
    538.796142578125,
    533.3207397460938,
    525.5784301757812,
    528.267822265625,
    526.9660034179688,
    523.9080810546875,
    524.2685546875,
    524.892578125,
    525.2328491210938,
    528.13330078125,
    532.5733642578125,
    525.6148681640625,
    524.9912109375,
    529.1395263671875,
    527.4810791015625,
    523.3690795898438,
    521.3640747070312,
    524.4176635742188,
    518.2972412109375,
    515.3641357421875,
    519.6229858398438,
    516.245361328125,
    517.0740966796875,
    511.60345458984375,
    506.6366882324219,
    508.3289794921875,
    509.1614990234375,
    515.1491088867188,
    512.3369750976562,
    515.1769409179688,
    511.98394775390625,
    511.92510986328125,
    513.6552124023438,
    513.650146484375,
    517.7898559570312,
    513.5891723632812,
    510.0335998535156,
    508.25244140625,
    509.2135925292969,
    503.6866455078125,
    499.163330078125,
    494.3803405761719,
    500.2880859375,
    494.4474182128906,
    495.37908935546875,
    496.2257080078125,
    496.8794250488281,
    495.51019287109375,
    492.4708557128906,
    492.3959045410156,
    485.1741943359375,
    474.3135986328125,
    486.4556579589844,
    494.7000427246094,
    490.22216796875,
    488.7427062988281,
    492.7729187011719,
    496.1167297363281,
    487.1392822265625,
    485.6283264160156,
    483.2647705078125,
    488.0699157714844,
    487.49298095703125,
    487.2021179199219,
    486.9598693847656,
    482.47509765625,
    481.3247985839844,
    482.9369812011719,
    478.131103515625,
    477.4380187988281,
    477.1912841796875,
    478.0152893066406,
    476.9501953125,
    478.6729736328125,
    473.9384765625,
    477.3984680175781,
    477.2669372558594,
    476.78216552734375,
    474.8817443847656,
    478.5994567871094,
    476.7626037597656,
    475.0728759765625,
    474.20318603515625,
    477.8187561035156,
    472.3736572265625,
    470.5870056152344,
    467.0386962890625,
    466.56500244140625,
    469.25048828125,
    459.1533508300781,
    456.89825439453125,
    459.62982177734375,
    455.90850830078125,
    452.1496276855469,
    458.6813049316406,
    467.3910217285156,
    467.8415832519531,
    468.5489807128906,
    468.4287414550781,
    462.3260192871094,
    467.0143127441406,
    464.9522705078125,
    460.23077392578125,
    456.768798828125,
    457.2056579589844,
    448.6153259277344,
    453.0700378417969,
    455.08624267578125,
    455.6510009765625,
    454.0735168457031,
    444.8259582519531,
    439.98614501953125,
    444.5546569824219,
    448.72015380859375,
    449.16717529296875,
    452.3215026855469,
    458.9927978515625,
    457.4022521972656,
    452.6355285644531,
    456.494140625,
    456.5057067871094,
    451.0621032714844,
    450.68701171875,
    453.6234130859375,
    449.2501525878906,
    441.114990234375,
    443.34100341796875,
    442.68231201171875,
    439.08831787109375,
    438.6263122558594,
    439.9172058105469,
    431.225830078125,
    439.2328796386719,
    439.4296569824219,
    437.7102355957031,
    435.0827331542969,
    439.88909912109375,
    439.4991455078125,
    437.56927490234375,
    438.756103515625,
    439.4992370605469,
    440.2084655761719,
    438.227783203125,
    441.8323669433594,
    441.52813720703125,
    435.015625,
    429.9025573730469,
    430.009765625,
    426.38446044921875,
    429.86187744140625,
    431.2337646484375,
    434.837646484375,
    432.1092224121094,
    431.9653015136719,
    427.7900085449219,
    427.7221984863281,
    421.625,
    419.1806335449219,
    428.1499938964844,
    426.9351501464844,
    425.6898193359375,
    427.511962890625,
    430.2045593261719,
    429.96514892578125,
    425.0057678222656,
    428.97503662109375,
    429.13677978515625,
    425.62042236328125,
    424.8484191894531,
    423.6387634277344,
    421.82965087890625,
    424.5646667480469,
    421.15692138671875,
    420.03399658203125,
    419.41302490234375,
    419.0624084472656,
    419.52099609375,
    419.1033630371094,
    417.68389892578125,
    416.4513854980469,
    418.33758544921875,
    418.4028015136719,
    416.8822937011719,
    415.25927734375,
    421.29913330078125,
    418.6885681152344,
    420.30224609375,
    421.08270263671875,
    418.8493347167969,
    417.7931823730469,
    414.3110656738281,
    415.3112487792969,
    412.940673828125,
    410.7875061035156,
    412.5550842285156,
    408.39764404296875,
    406.1972961425781,
    404.6864318847656,
    402.7698974609375
  ],