{
  "dims": [
    "pulseIndex"
  ],
  "attrs": {
    "shape": [
      280
    ]
  },
  "data": [
    522.0650024414062,
    516.2777099609375,
    521.1119995117188,
    526.8309326171875,
    528.0506591796875,
    531.9985961914062,
    525.7135009765625,
    531.738525390625,
    528.8139038085938,
    527.3783569335938,
    531.6361694335938,
    531.5877075195312,
    528.2119750976562,
    530.3028564453125,
    534.7560424804688,
    539.453125,
    527.99658203125,
    528.2044067382812,
    531.496337890625,
    524.922119140625,
    520.9149169921875,
    530.25732421875,
    529.7318115234375,
    525.741943359375,
    521.672607421875,
    531.4188842773438,
    529.0105590820312,
    522.29052734375,
    532.007568359375,
    540.1151123046875,
    533.7276611328125,
    532.2944946289062,
    531.5233764648438,
    530.6503295898438,
    523.940185546875,
    519.481689453125,
    520.9631958007812,
    520.7090454101562,
    526.578125,
    530.0983276367188,
    527.1157836914062,
    524.2847290039062,
    526.267333984375,
    525.4338989257812,
    522.1636352539062,
    524.4535522460938,
    526.9265747070312,
    531.052734375,
    526.7460327148438,
    525.1768188476562,
    519.728515625,
    513.98291015625,
    515.6036987304688,
    513.876953125,
    515.3257446289062,
    517.476806640625,
    521.262939453125,
    528.3392333984375,
    522.5972900390625,
    524.885498046875,
    522.1588745117188,
    520.9677124023438,
    519.7946166992188,
    522.5057983398438,
    518.541259765625,
    515.0377197265625,
    516.6103515625,
    512.3993530273438,
    507.3509521484375,
    515.3088989257812,
    515.1730346679688,
    518.9783935546875,
    518.7181396484375,
    516.27685546875,
    514.6077880859375,
    506.4828186035156,
    504.9127197265625,
    501.210205078125,
    499.3836975097656,
    503.3057556152344,
    508.2487487792969,
    517.0923461914062,
    512.5189208984375,
    504.6221008300781,
    508.5030822753906,
    506.3904113769531,
    494.6874694824219,
    497.0044860839844,
    499.01336669921875,
    492.1589050292969,
    497.4858093261719,
    505.4161376953125,
    495.5865783691406,
    494.7506408691406,
    501.0029296875,
    499.83184814453125,
    494.5191345214844,
    495.00360107421875,
    494.76129150390625,
    486.7387390136719,
    481.91558837890625,
    489.23345947265625,
    490.7606506347656,
    492.1349792480469,
    481.0657043457031,
    477.203857421875,
    480.9338684082031,
    484.1888427734375,
    490.85150146484375,
    487.4077453613281,
    491.06658935546875,
    484.256591796875,
    486.8921813964844,
    490.5876770019531,
    492.4302978515625,
    493.54547119140625,
    488.6712341308594,
    485.1791076660156,
    482.7130126953125,
    482.0450134277344,
    472.6835021972656,
    464.1343994140625,
    459.8822326660156,
    468.02667236328125,
    462.51190185546875,
    464.165283203125,
    470.6112365722656,
    473.85211181640625,
    468.9872131347656,
    462.9573669433594,
    467.5875549316406,
    457.1632995605469,
    442.9932861328125,
    454.3641052246094,
    467.119384765625,
    461.7843322753906,
    459.20294189453125,
    466.0862121582031,
    473.6897277832031,
    457.0552978515625,
    455.30987548828125,
    451.7452392578125,
    459.5028381347656,
    460.83123779296875,
    461.987060546875,
    464.71484375,
    455.5776062011719,
    451.7149353027344,
    452.7305603027344,
    451.31060791015625,
    455.6704406738281,
    455.22698974609375,
    455.33880615234375,
    450.9224548339844,
    452.8846740722656,
    447.7115783691406,
    446.2581787109375,
    444.6240234375,
    443.5293273925781,
    452.269287109375,
    457.2469787597656,
    453.25640869140625,
    450.0206298828125,
    451.09381103515625,
    455.14923095703125,
    445.39263916015625,
    440.62066650390625,
    439.79376220703125,
    437.38470458984375,
    442.9967346191406,
    429.510498046875,
    427.0298767089844,
    431.4106140136719,
    425.6271057128906,
    422.12542724609375,
    428.94195556640625,
    438.4720764160156,
    444.1857604980469,
    447.5952453613281,
    442.7946472167969,
    436.139892578125,
    441.0439453125,
    440.3081359863281,
    430.26513671875,
    427.5050964355469,
    425.968017578125,
    422.1566467285156,
    429.2083435058594,
    434.7212829589844,
    433.95849609375,
    429.4012451171875,
    415.35528564453125,
    412.3296203613281,
    421.60101318359375,
    426.5485534667969,
    425.5752258300781,
    432.7084045410156,
    442.08013916015625,
    435.84600830078125,
    426.6304626464844,
    432.28411865234375,
    431.8652038574219,
    422.16033935546875,
    423.3476257324219,
    427.8531494140625,
    419.9880065917969,
    420.3052062988281,
    422.4686279296875,
    421.4513854980469,
    417.75775146484375,
    415.0419921875,
    412.9524230957031,
    408.22955322265625,
    419.9154968261719,
    416.9927062988281,
    416.3045349121094,
    420.2413024902344,
    416.4189758300781,
    416.4629821777344,
    414.9969177246094,
    417.22869873046875,
    419.015869140625,
    415.75054931640625,
    413.4001770019531,
    420.3143005371094,
    419.1446533203125,
    410.14007568359375,
    405.6477355957031,
    403.9954833984375,
    398.1324768066406,
    404.25079345703125,
    407.4440612792969,
    418.5196533203125,
    416.5462341308594,
    413.634765625,
    412.43487548828125,
    408.2772216796875,
    403.7308044433594,
    395.4204406738281,
    410.15362548828125,
    409.3822326660156,
    406.8126220703125,
    408.1594543457031,
    411.2218017578125,
    404.01177978515625,
    400.3961181640625,
    408.13238525390625,
    405.18243408203125,
    403.2199401855469,
    405.9098205566406,
    405.4551696777344,
    404.2071838378906,
    407.32476806640625,
    403.739013671875,
    401.815185546875,
    403.5006103515625,
    399.67706298828125,
    400.00677490234375,
    400.9346618652344,
    398.06793212890625,
    396.6872863769531,
    398.1702575683594,
    400.18756103515625,
    401.25958251953125,
    399.3201904296875,
    405.2294006347656,
    399.2696533203125,
    401.7665710449219,
    405.8538818359375,
    402.6832275390625,
    396.4000244140625,
    392.5692443847656,
    401.1169738769531,
    393.6318054199219,
    390.8682861328125,
    394.2952880859375,
    389.730712890625,
    387.8956298828125,
    387.718505859375,
    383.6440124511719
  ],