{
  "dims": [
    "pulseIndex"
  ],
  "attrs": {
    "shape": [
      280
    ]
  },
  "data": [
    393.5107421875,
    392.7713928222656,
    397.434326171875,
    397.7602233886719,
    400.6535949707031,
    406.2494201660156,
    407.3559265136719,
    410.384521484375,
    409.7073059082031,
    410.15576171875,
    412.9211120605469,
    413.5484619140625,
    415.7761535644531,
    417.8768310546875,
    424.48907470703125,
    424.2962646484375,
    424.21875,
    424.83428955078125,
    427.71112060546875,
    422.7561950683594,
    427.778564453125,
    430.1909484863281,
    430.9240417480469,
    426.54547119140625,
    428.47308349609375,
    433.9921569824219,
    433.7999572753906,
    432.52947998046875,
    440.1617736816406,
    442.5737609863281,
    443.3729248046875,
    442.0975036621094,
    443.9256591796875,
    442.03350830078125,
    441.2082214355469,
    443.19708251953125,
    444.3089294433594,
    444.246826171875,
    450.41552734375,
    452.2518615722656,
    451.3194580078125,
    451.2071228027344,
    451.652587890625,
    450.4549865722656,
    450.26287841796875,
    450.672119140625,
    455.3853759765625,
    456.22442626953125,
    454.3481140136719,
    455.87432861328125,
    454.4215393066406,
    452.3622131347656,
    452.5463562011719,
    454.0575866699219,
    455.9831848144531,
    460.5773010253906,
    462.8291320800781,
    465.34222412109375,
    463.2426452636719,
    465.7507629394531,
    463.5889892578125,
    463.4960021972656,
    464.5707702636719,
    465.40826416015625,
    460.8572692871094,
    462.8855285644531,
    462.9542236328125,
    460.3642272949219,
    459.2164001464844,
    462.46466064453125,
    465.14013671875,
    465.67596435546875,
    468.3447570800781,
    467.65985107421875,
    465.374755859375,
    462.3737487792969,
    463.28594970703125,
    460.2322998046875,
    459.6352844238281,
    464.4864807128906,
    465.0838928222656,
    469.7018737792969,
    465.4168701171875,
    462.7401428222656,
    467.6215515136719,
    464.5150451660156,
    460.3354187011719,
    463.0714416503906,
    462.9151306152344,
    459.399658203125,
    466.91107177734375,
    466.9710693359375,
    461.7260437011719,
    466.0273132324219,
    467.3445739746094,
    465.60626220703125,
    464.06610107421875,
    463.22052001953125,
    463.5641784667969,
    459.744140625,
    459.602294921875,
    465.0350036621094,
    464.2840270996094,
    463.77032470703125,
    459.0212097167969,
    456.055908203125,
    461.6566467285156,
    461.8239440917969,
    463.59808349609375,
    464.8354797363281,
    465.06243896484375,
    460.85150146484375,
    462.968017578125,
    466.2923889160156,
    462.78350830078125,
    463.94140625,
    464.4043884277344,
    464.15557861328125,
    461.5949401855469,
    461.8550109863281,
    459.2455749511719,
    454.72900390625,
    450.9217224121094,
    456.7147216796875,
    453.3704833984375,
    454.0644836425781,
    458.1614074707031,
    458.7083740234375,
    455.2739562988281,
    452.8910217285156,
    455.2652893066406,
    449.5771179199219,
    438.3008728027344,
    449.36773681640625,
    455.8948669433594,
    451.0164794921875,
    451.9256286621094,
    456.03167724609375,
    455.4256286621094,
    447.89874267578125,
    449.5682678222656,
    448.44140625,
    451.9541931152344,
    452.77349853515625,
    452.7021484375,
    453.1856384277344,
    448.8755798339844,
    448.7135009765625,
    450.05157470703125,
    446.3848571777344,
    448.56097412109375,
    448.6504211425781,
    447.4915466308594,
    446.1231384277344,
    448.96881103515625,
    443.1452331542969,
    443.0496520996094,
    442.55206298828125,
    443.7283630371094,
    446.7870788574219,
    446.9538879394531,
    445.20916748046875,
    445.3659973144531,
    445.0010986328125,
    446.3870544433594,
    443.1472473144531,
    440.8212585449219,
    439.7440490722656,
    439.7632141113281,
    440.1451416015625,
    434.6922607421875,
    432.9781188964844,
    434.60614013671875,
    428.2930908203125,
    429.6180725097656,
    431.0665283203125,
    436.76873779296875,
    443.177490234375,
    441.93505859375,
    441.36505126953125,
    437.2184753417969,
    439.5661926269531,
    437.072509765625,
    431.7904357910156,
    430.2505187988281,
    430.76068115234375,
    428.76611328125,
    433.66845703125,
    434.57086181640625,
    432.1538391113281,
    431.9841003417969,
    423.36798095703125,
    422.1077880859375,
    427.6619567871094,
    430.2983703613281,
    431.1950988769531,
    434.72796630859375,
    438.26873779296875,
    435.79638671875,
    431.159912109375,
    433.8365478515625,
    431.708984375,
    428.7177734375,
    430.4976806640625,
    430.83172607421875,
    428.6419372558594,
    425.7741394042969,
    425.1456604003906,
    426.96380615234375,
    423.4560546875,
    424.1042175292969,
    423.17413330078125,
    419.35546875,
    426.04193115234375,
    424.2193603515625,
    426.4212646484375,
    422.8636474609375,
    423.5141906738281,
    424.09130859375,
    424.8110656738281,
    424.46038818359375,
    425.53277587890625,
    424.3074035644531,
    422.4090270996094,
    426.8013610839844,
    425.6683044433594,
    421.87188720703125,
    415.8186950683594,
    416.0792236328125,
    412.9668273925781,
    416.0908203125,
    420.21868896484375,
    424.25250244140625,
    420.5850524902344,
    421.0086975097656,
    419.81854248046875,
    418.26239013671875,
    413.757080078125,
    410.3780212402344,
    419.17572021484375,
    418.12158203125,
    417.1537170410156,
    419.6540832519531,
    419.3389892578125,
    417.4270324707031,
    415.341064453125,
    418.39178466796875,
    416.57012939453125,
    416.44696044921875,
    415.7555847167969,
    415.93157958984375,
    413.7322082519531,
    417.6082763671875,
    415.8481140136719,
    414.4242248535156,
    413.82977294921875,
    413.22601318359375,
    413.38458251953125,
    413.0418395996094,
    410.693603515625,
    411.59808349609375,
    412.264892578125,
    412.1756591796875,
    413.1813049316406,
    411.9554443359375,
    414.8963317871094,
    412.3058166503906,
    414.9051818847656,
    413.70068359375,
    413.1610107421875,
    409.40936279296875,
    409.10888671875,
    411.8569641113281,
    409.67828369140625,
    407.2952880859375,
    408.1584167480469,
    406.1142272949219,
    404.1658630371094,
    403.2652282714844,
    401.5528259277344
  ],