{
  "dims": [
    "pulseIndex"
  ],
  "attrs": {
    "shape": [
      280
    ]
  },
  "data": [
    478.9325866699219,
    478.2200012207031,
    480.4649658203125,
    481.8743896484375,
    484.6215515136719,
    488.9129943847656,
    489.0859680175781,
    490.3550109863281,
    491.5458984375,
    490.89990234375,
    494.37548828125,
    496.047119140625,
    495.3645324707031,
    497.9151916503906,
    501.8345642089844,
    504.1280212402344,
    503.6385498046875,
    503.41461181640625,
    505.7706298828125,
    499.9599914550781,
    505.37506103515625,
    508.8645324707031,
    507.3079833984375,
    505.1814880371094,
    507.42236328125,
    508.0390930175781,
    505.4302062988281,
    507.5677795410156,
    513.274658203125,
    512.0272827148438,
    513.4353637695312,
    514.1807861328125,
    513.494384765625,
    513.4668579101562,
    511.5502014160156,
    511.2772216796875,
    511.4071044921875,
    511.2234191894531,
    516.7455444335938,
    517.25634765625,
    516.4594116210938,
    516.802490234375,
    516.3322143554688,
    514.5585327148438,
    514.0037231445312,
    513.981689453125,
    517.0552368164062,
    517.306396484375,
    513.3184204101562,
    516.0969848632812,
    514.83447265625,
    511.5289306640625,
    513.1378173828125,
    513.0575561523438,
    512.789794921875,
    514.8198852539062,
    516.0575561523438,
    517.8224487304688,
    518.395263671875,
    518.114501953125,
    517.0198974609375,
    515.2228393554688,
    514.9260864257812,
    513.6659545898438,
    510.37994384765625,
    511.47796630859375,
    511.90234375,
    510.6322021484375,
    507.58624267578125,
    512.5503540039062,
    510.617919921875,
    511.9072265625,
    513.5684814453125,
    513.4622802734375,
    510.08941650390625,
    505.8524475097656,
    504.8265380859375,
    504.3919372558594,
    502.1163330078125,
    504.8382568359375,
    505.2367248535156,
    509.32568359375,
    505.72412109375,
    499.5467834472656,
    502.6826477050781,
    502.7566833496094,
    500.8019714355469,
    500.5513000488281,
    501.2829284667969,
    495.6681213378906,
    501.4803771972656,
    501.2442932128906,
    497.1048583984375,
    497.6085205078125,
    498.6402282714844,
    496.07275390625,
    495.2351379394531,
    493.3487548828125,
    496.6176452636719,
    489.9713439941406,
    489.07977294921875,
    493.48529052734375,
    491.8735656738281,
    490.7969665527344,
    486.4115295410156,
    484.1488952636719,
    487.5662841796875,
    486.1680908203125,
    490.1784973144531,
    489.588134765625,
    487.396240234375,
    485.0143737792969,
    487.2332763671875,
    487.25408935546875,
    486.4602355957031,
    487.55523681640625,
    487.58154296875,
    484.7615051269531,
    482.69024658203125,
    483.009521484375,
    478.8395690917969,
    474.2843322753906,
    471.7178955078125,
    476.0035705566406,
    471.64654541015625,
    473.72796630859375,
    476.8258056640625,
    475.4597473144531,
    472.52325439453125,
    470.6065979003906,
    469.67791748046875,
    465.49798583984375,
    455.35693359375,
    464.524169921875,
    471.2218322753906,
    467.1392822265625,
    466.42254638671875,
    469.4430847167969,
    469.4020080566406,
    464.6239318847656,
    461.2880859375,
    462.0946044921875,
    465.4611511230469,
    463.0610656738281,
    462.9371643066406,
    463.3323669433594,
    458.9697265625,
    457.0994567871094,
    459.3818664550781,
    456.750732421875,
    457.4532775878906,
    457.3024597167969,
    456.1494140625,
    454.9532165527344,
    456.79803466796875,
    452.5826110839844,
    452.33807373046875,
    451.2748107910156,
    449.6518859863281,
    451.24774169921875,
    450.8404235839844,
    451.6597595214844,
    448.6976013183594,
    451.0057067871094,
    452.3543701171875,
    447.3603515625,
    447.0211486816406,
    444.40460205078125,
    443.8861389160156,
    447.77349853515625,
    436.5589294433594,
    436.5367431640625,
    437.3795166015625,
    433.0167236328125,
    431.7283630371094,
    436.04736328125,
    442.2215270996094,
    445.142822265625,
    442.8604736328125,
    442.5090026855469,
    438.4145812988281,
    440.550048828125,
    435.9447937011719,
    433.6723937988281,
    431.48779296875,
    431.20037841796875,
    427.3353271484375,
    433.506103515625,
    433.1830139160156,
    433.2351379394531,
    432.8617248535156,
    424.4533996582031,
    420.4787902832031,
    425.6871032714844,
    430.240966796875,
    428.7177734375,
    431.9459533691406,
    435.0230712890625,
    433.41595458984375,
    429.68548583984375,
    431.3646545410156,
    430.2841796875,
    425.4701843261719,
    426.9859619140625,
    428.3717346191406,
    423.5309753417969,
    420.6863098144531,
    422.40625,
    422.0992736816406,
    420.37225341796875,
    420.6047668457031,
    419.7673645019531,
    413.8231201171875,
    420.4045104980469,
    420.38250732421875,
    421.02374267578125,
    418.8471984863281,
    420.0088806152344,
    419.08062744140625,
    418.8583679199219,
    416.8954772949219,
    419.6851806640625,
    419.55029296875,
    418.6452331542969,
    421.0517272949219,
    420.4270324707031,
    415.79217529296875,
    411.83197021484375,
    411.8802490234375,
    408.1101989746094,
    412.5367736816406,
    414.1488952636719,
    418.0496520996094,
    414.6771240234375,
    412.98187255859375,
    412.1509704589844,
    411.062255859375,
    407.78448486328125,
    404.2727355957031,
    412.83782958984375,
    410.45068359375,
    410.8500061035156,
    411.9976806640625,
    412.7772521972656,
    409.9049072265625,
    409.1131286621094,
    413.2693176269531,
    411.2901916503906,
    409.6486511230469,
    409.6701354980469,
    408.8576354980469,
    406.0362548828125,
    408.3742370605469,
    407.1365051269531,
    404.7996520996094,
    405.12567138671875,
    404.9287414550781,
    405.42034912109375,
    404.225341796875,
    402.5380859375,
    401.8601379394531,
    405.2230224609375,
    406.05865478515625,
    403.9798583984375,
    402.45849609375,
    404.5559997558594,
    402.282470703125,
    406.12799072265625,
    405.1971130371094,
    403.14154052734375,
    400.8675842285156,
    400.1073913574219,
    401.2668151855469,
    399.56072998046875,
    397.02490234375,
    399.1177062988281,
    395.9103088378906,
    395.5428466796875,
    393.1139831542969,
    392.1083068847656
  ],