{
  "dims": [
    "pulseIndex"
  ],
  "attrs": {
    "shape": [
      280
    ]
  },
  "data": [
    463.4080810546875,
    462.38946533203125,
    468.2001953125,
    468.2662353515625,
    472.4703369140625,
    473.0168151855469,
    476.9043273925781,
    477.9344177246094,
    479.4758605957031,
    479.1978759765625,
    482.53033447265625,
    482.8558654785156,
    485.4013366699219,
    487.3944091796875,
    493.3855285644531,
    493.6075134277344,
    491.39874267578125,
    492.5821228027344,
    495.80255126953125,
    490.7972717285156,
    492.9801940917969,
    497.1953430175781,
    495.9269714355469,
    494.6714782714844,
    496.35455322265625,
    499.3347473144531,
    498.64947509765625,
    499.5132751464844,
    508.0624084472656,
    508.3166809082031,
    508.9471130371094,
    506.94073486328125,
    507.4829406738281,
    506.4750061035156,
    505.3868408203125,
    504.609619140625,
    506.6644287109375,
    504.64044189453125,
    511.34033203125,
    513.531494140625,
    511.64312744140625,
    512.434814453125,
    512.3358764648438,
    511.4161682128906,
    510.53509521484375,
    509.5924377441406,
    513.6809692382812,
    517.28076171875,
    510.3375549316406,
    514.3309936523438,
    511.35345458984375,
    507.3606872558594,
    510.2490234375,
    508.5478515625,
    509.565185546875,
    513.4328002929688,
    516.2918090820312,
    520.5948486328125,
    517.9028930664062,
    519.2528686523438,
    515.3326416015625,
    517.1414794921875,
    516.5755004882812,
    518.4341430664062,
    514.2157592773438,
    512.028564453125,
    513.2255859375,
    511.74822998046875,
    509.1703796386719,
    513.6136474609375,
    514.6539306640625,
    515.7416381835938,
    515.9757080078125,
    514.7288208007812,
    515.1754150390625,
    509.5341796875,
    511.178466796875,
    504.4757080078125,
    504.449951171875,
    507.58447265625,
    510.8939514160156,
    515.1093139648438,
    512.9159545898438,
    505.99908447265625,
    510.6874084472656,
    508.731689453125,
    506.6068420410156,
    505.7052001953125,
    504.6797180175781,
    501.07745361328125,
    509.2051086425781,
    509.7462463378906,
    503.4204406738281,
    504.20159912109375,
    507.8973083496094,
    505.07672119140625,
    501.4606628417969,
    501.796630859375,
    502.71783447265625,
    497.6950988769531,
    498.3731384277344,
    500.5707702636719,
    499.7505798339844,
    501.30120849609375,
    493.31927490234375,
    492.3409729003906,
    497.06201171875,
    498.5148620605469,
    500.0027770996094,
    500.84576416015625,
    499.0137634277344,
    496.34991455078125,
    497.72119140625,
    498.7349548339844,
    498.7263488769531,
    499.76629638671875,
    497.0892639160156,
    495.32879638671875,
    494.78167724609375,
    494.3876953125,
    489.8851013183594,
    482.6962890625,
    477.51947021484375,
    485.3401794433594,
    481.2315979003906,
    480.65869140625,
    487.5123596191406,
    488.5250549316406,
    484.287841796875,
    481.683837890625,
    483.1334533691406,
    474.5245666503906,
    461.4571228027344,
    474.8391418457031,
    481.30816650390625,
    477.7679748535156,
    478.2767639160156,
    480.7532653808594,
    482.5372009277344,
    475.77850341796875,
    473.369384765625,
    471.7449951171875,
    478.3177795410156,
    478.74700927734375,
    477.1192321777344,
    479.89898681640625,
    472.92352294921875,
    470.03289794921875,
    472.9237060546875,
    468.70849609375,
    470.0619812011719,
    470.675537109375,
    471.07568359375,
    468.6332702636719,
    469.4715881347656,
    465.08465576171875,
    463.8175048828125,
    464.1798095703125,
    464.16705322265625,
    468.0916442871094,
    468.86053466796875,
    465.5393371582031,
    464.6968688964844,
    464.9040832519531,
    468.8601989746094,
    463.5736083984375,
    459.2464294433594,
    459.4765319824219,
    459.0683288574219,
    462.99456787109375,
    451.3350524902344,
    449.4759216308594,
    449.8507080078125,
    446.3100891113281,
    443.834228515625,
    446.5607604980469,
    456.0445556640625,
    461.5927734375,
    460.6271057128906,
    457.3377380371094,
    453.1427001953125,
    457.98974609375,
    454.0854797363281,
    447.47760009765625,
    445.5014953613281,
    446.0748596191406,
    443.0137023925781,
    450.2116394042969,
    450.5846252441406,
    448.3027038574219,
    447.4537353515625,
    437.2309265136719,
    434.7712097167969,
    441.6334228515625,
    446.3690490722656,
    446.34698486328125,
    451.0113830566406,
    455.919677734375,
    451.1021728515625,
    446.7795104980469,
    449.2131652832031,
    447.4797058105469,
    442.9107666015625,
    442.0766906738281,
    445.18682861328125,
    441.3940734863281,
    439.1855163574219,
    440.2707824707031,
    439.5805358886719,
    436.7501525878906,
    434.6121520996094,
    435.67486572265625,
    431.3873596191406,
    441.0670166015625,
    439.0479431152344,
    438.715576171875,
    437.1584167480469,
    435.73846435546875,
    436.1297607421875,
    435.3048095703125,
    436.372802734375,
    437.02960205078125,
    438.3756103515625,
    434.7198181152344,
    439.77825927734375,
    436.9712829589844,
    432.1550598144531,
    426.7295227050781,
    427.05328369140625,
    422.80706787109375,
    426.6043395996094,
    431.37066650390625,
    437.8101806640625,
    434.5547180175781,
    432.7831115722656,
    430.5626525878906,
    429.00115966796875,
    425.66912841796875,
    419.0410461425781,
    429.87451171875,
    428.89605712890625,
    427.83306884765625,
    430.54302978515625,
    429.96466064453125,
    426.45062255859375,
    424.09490966796875,
    429.83380126953125,
    426.63525390625,
    427.29888916015625,
    426.8684997558594,
    428.08807373046875,
    425.26519775390625,
    427.2190856933594,
    424.3830871582031,
    422.6802978515625,
    424.2568359375,
    423.4143371582031,
    423.8835144042969,
    424.18975830078125,
    420.2737121582031,
    419.9401550292969,
    422.2181396484375,
    422.94158935546875,
    423.7308044433594,
    422.7806396484375,
    424.69708251953125,
    421.6805419921875,
    425.01544189453125,
    425.54254150390625,
    421.7240905761719,
    418.841064453125,
    417.6223449707031,
    422.0102844238281,
    416.6996765136719,
    415.9477844238281,
    417.0404357910156,
    414.9568176269531,
    414.0793151855469,
    412.78106689453125,
    411.693603515625
  ],