{
  "dims": [
    "pulseIndex"
  ],
  "attrs": {
    "shape": [
      280
    ]
  },
  "data": [
    545.9722290039062,
    539.001953125,
    540.4125366210938,
    545.8953857421875,
    551.0684814453125,
    554.9765625,
    548.926513671875,
    554.5691528320312,
    551.9189453125,
    550.9025268554688,
    556.6949462890625,
    554.4271850585938,
    551.99072265625,
    552.4844970703125,
    557.2032470703125,
    557.3460693359375,
    545.5718994140625,
    549.1070556640625,
    551.2705078125,
    543.8012084960938,
    541.286376953125,
    547.6553344726562,
    545.5702514648438,
    541.8233642578125,
    543.5753173828125,
    546.0469970703125,
    541.2224731445312,
    540.3013305664062,
    550.8427124023438,
    551.57275390625,
    551.9290161132812,
    549.5703125,
    550.7429809570312,
    547.4006958007812,
    543.2496337890625,
    539.246826171875,
    539.7589111328125,
    543.0247192382812,
    546.04052734375,
    546.5765380859375,
    541.6937255859375,
    540.5367431640625,
    539.1375732421875,
    540.4342041015625,
    537.2658081054688,
    539.5541381835938,
    541.1790161132812,
    546.2544555664062,
    538.0039672851562,
    536.8958129882812,
    532.9765014648438,
    532.24365234375,
    536.9194946289062,
    536.7150268554688,
    534.6007080078125,
    535.778076171875,
    538.4942626953125,
    545.5341186523438,
    540.98583984375,
    538.6847534179688,
    533.3074340820312,
    534.8438720703125,
    532.4057006835938,
    530.8181762695312,
    525.9794311523438,
    526.1729125976562,
    529.138671875,
    527.8728637695312,
    523.0802612304688,
    526.3445434570312,
    528.29248046875,
    532.9468383789062,
    533.1861572265625,
    531.082763671875,
    530.7582397460938,
    523.8325805664062,
    522.5068359375,
    519.8392333984375,
    518.9119262695312,
    518.9306640625,
    523.9359741210938,
    529.6351318359375,
    521.2496337890625,
    513.034423828125,
    517.2891845703125,
    516.9014892578125,
    510.0757141113281,
    511.537353515625,
    514.15087890625,
    510.63446044921875,
    515.5372314453125,
    520.9874877929688,
    512.1852416992188,
    513.3065185546875,
    516.6132202148438,
    516.2779541015625,
    511.05303955078125,
    510.4692687988281,
    512.3121337890625,
    505.09918212890625,
    503.5049133300781,
    506.5479736328125,
    503.82586669921875,
    506.03082275390625,
    495.40289306640625,
    492.91424560546875,
    495.5560607910156,
    498.2525939941406,
    504.5084228515625,
    501.6529846191406,
    503.0177307128906,
    498.6977844238281,
    500.6584167480469,
    504.8063049316406,
    503.50164794921875,
    506.5918273925781,
    501.2651062011719,
    500.50164794921875,
    496.95294189453125,
    498.8172607421875,
    491.03466796875,
    484.9364318847656,
    480.7668762207031,
    486.0483703613281,
    480.03643798828125,
    481.3565979003906,
    486.3161926269531,
    486.3035583496094,
    483.2662048339844,
    477.4374084472656,
    480.3472595214844,
    473.0711669921875,
    459.9964904785156,
    473.6266784667969,
    483.2924499511719,
    477.387939453125,
    475.387939453125,
    480.1839904785156,
    485.4330139160156,
    473.5137023925781,
    471.8435974121094,
    470.7723083496094,
    477.1618347167969,
    477.3958740234375,
    475.78173828125,
    477.0135192871094,
    469.95703125,
    468.15936279296875,
    468.8577880859375,
    466.1737060546875,
    466.57012939453125,
    466.7464294433594,
    465.1098937988281,
    465.0476379394531,
    467.5702819824219,
    462.36077880859375,
    460.9645690917969,
    463.1160583496094,
    463.77734375,
    462.8534240722656,
    466.5863037109375,
    465.5442199707031,
    464.3269348144531,
    464.9163818359375,
    467.0458679199219,
    459.98236083984375,
    457.6917419433594,
    455.23297119140625,
    454.17230224609375,
    456.8146667480469,
    446.8006286621094,
    443.6301574707031,
    446.9258117675781,
    440.36566162109375,
    439.5417175292969,
    444.7144775390625,
    454.3724060058594,
    458.58624267578125,
    458.468505859375,
    456.9385986328125,
    450.59674072265625,
    455.20037841796875,
    451.85369873046875,
    446.04168701171875,
    444.00433349609375,
    442.33197021484375,
    437.5607604980469,
    443.67364501953125,
    444.4951477050781,
    443.9919128417969,
    440.8785095214844,
    430.7417297363281,
    426.4509582519531,
    432.12188720703125,
    438.41619873046875,
    438.2534484863281,
    443.3114013671875,
    448.90899658203125,
    447.531005859375,
    442.6717834472656,
    446.4824523925781,
    443.9444580078125,
    439.1025085449219,
    440.530517578125,
    441.2427062988281,
    437.48779296875,
    429.9974060058594,
    431.3746643066406,
    430.07135009765625,
    426.55731201171875,
    428.3669128417969,
    427.30047607421875,
    420.09893798828125,
    428.1784973144531,
    426.99322509765625,
    426.6547546386719,
    425.2142639160156,
    425.424072265625,
    428.03826904296875,
    426.18817138671875,
    428.893798828125,
    429.3619689941406,
    428.5116271972656,
    427.3051452636719,
    432.8739929199219,
    429.41265869140625,
    422.3999938964844,
    417.3876037597656,
    417.614990234375,
    412.3739013671875,
    417.2598571777344,
    420.6168212890625,
    424.95928955078125,
    422.578857421875,
    419.3508605957031,
    417.6929931640625,
    414.22332763671875,
    409.334228515625,
    404.52337646484375,
    417.1010437011719,
    416.0322265625,
    414.58306884765625,
    416.7299499511719,
    418.70745849609375,
    415.17962646484375,
    414.0578308105469,
    418.2574462890625,
    415.4037170410156,
    413.93475341796875,
    413.28167724609375,
    412.41229248046875,
    409.46624755859375,
    412.7032775878906,
    409.6545715332031,
    407.58270263671875,
    408.1079406738281,
    405.5136413574219,
    406.355712890625,
    407.0770568847656,
    404.1570739746094,
    402.7445068359375,
    407.1944274902344,
    407.0075378417969,
    404.4981384277344,
    405.0009765625,
    408.86370849609375,
    406.9416809082031,
    409.35693359375,
    409.8615417480469,
    407.2961120605469,
    403.1456604003906,
    401.8204345703125,
    403.44927978515625,
    400.316162109375,
    397.8558044433594,
    399.03985595703125,
    395.7598571777344,
    395.38397216796875,
    392.1700134277344,
    390.2051086425781
  ],