{
  "dims": [
    "pulseIndex"
  ],
  "attrs": {
    "shape": [
      280
    ]
  },
  "data": [
    539.120361328125,
    531.5089111328125,
    535.1080322265625,
    536.6005249023438,
    544.4194946289062,
    547.0849609375,
    544.013916015625,
    547.9361572265625,
    545.477783203125,
    545.3096313476562,
    549.3837280273438,
    547.8998413085938,
    541.9574584960938,
    543.8461303710938,
    550.9608764648438,
    550.2520751953125,
    539.5809326171875,
    539.9125366210938,
    544.4071655273438,
    535.4942016601562,
    532.6642456054688,
    540.96923828125,
    536.8402099609375,
    533.280517578125,
    533.9160766601562,
    538.2907104492188,
    534.026611328125,
    532.272705078125,
    540.5997314453125,
    545.37158203125,
    543.9275512695312,
    541.6397705078125,
    542.1555786132812,
    538.5977172851562,
    534.0844116210938,
    530.3002319335938,
    532.6980590820312,
    532.4597778320312,
    536.5928955078125,
    536.3213500976562,
    532.688720703125,
    531.02685546875,
    528.7091064453125,
    530.0943603515625,
    530.0424194335938,
    528.7366943359375,
    532.0791625976562,
    538.0372314453125,
    529.934326171875,
    527.2299194335938,
    521.782470703125,
    522.7238159179688,
    526.8167114257812,
    525.0918579101562,
    523.1869506835938,
    526.9796752929688,
    528.078857421875,
    535.0884399414062,
    531.34521484375,
    530.3803100585938,
    524.32958984375,
    524.8588256835938,
    521.4804077148438,
    522.9248046875,
    518.5697021484375,
    517.4223022460938,
    519.0614624023438,
    517.83642578125,
    511.7804260253906,
    516.4840087890625,
    519.6381225585938,
    523.9187622070312,
    523.6589965820312,
    522.1012573242188,
    520.1033935546875,
    514.3222045898438,
    510.7806396484375,
    508.27099609375,
    507.0355224609375,
    508.3401794433594,
    514.6871948242188,
    520.9976806640625,
    514.1837768554688,
    503.58648681640625,
    508.228759765625,
    506.1636047363281,
    499.916259765625,
    501.4878234863281,
    504.9246520996094,
    499.1564025878906,
    507.4826965332031,
    508.7172546386719,
    503.2669677734375,
    503.0863037109375,
    507.2356872558594,
    507.40008544921875,
    500.8929443359375,
    500.4733581542969,
    502.0816955566406,
    493.3515319824219,
    494.2434997558594,
    496.2962646484375,
    494.56610107421875,
    496.2768249511719,
    485.7572937011719,
    482.1683654785156,
    485.64263916015625,
    486.9259033203125,
    494.7052917480469,
    493.0361022949219,
    492.3844299316406,
    489.56317138671875,
    490.1063537597656,
    493.23077392578125,
    494.0546569824219,
    496.38909912109375,
    493.5534973144531,
    489.9100036621094,
    489.8166198730469,
    488.664794921875,
    480.052490234375,
    473.07952880859375,
    468.6042175292969,
    476.8896179199219,
    469.9153747558594,
    470.1556701660156,
    474.9826965332031,
    476.7586669921875,
    473.4971008300781,
    468.4756774902344,
    467.5474548339844,
    462.7269287109375,
    448.06610107421875,
    462.1853942871094,
    473.1803283691406,
    468.1140441894531,
    465.2008056640625,
    471.8941955566406,
    476.56414794921875,
    464.0329895019531,
    461.9126892089844,
    460.2768859863281,
    465.4713439941406,
    467.6727294921875,
    466.338134765625,
    467.9307556152344,
    458.9084167480469,
    457.3193359375,
    458.9429931640625,
    455.55755615234375,
    456.8670654296875,
    457.4757080078125,
    455.93572998046875,
    455.18414306640625,
    457.48797607421875,
    452.12091064453125,
    453.3268737792969,
    452.9197998046875,
    453.0062561035156,
    454.122802734375,
    456.7540283203125,
    456.60955810546875,
    454.08465576171875,
    455.5296630859375,
    456.9566345214844,
    451.529052734375,
    446.67999267578125,
    445.1676940917969,
    445.65399169921875,
    448.6361999511719,
    435.8923645019531,
    432.6727294921875,
    436.30169677734375,
    430.1624450683594,
    428.3648681640625,
    435.41485595703125,
    445.1652526855469,
    449.7785949707031,
    449.51043701171875,
    448.4642333984375,
    441.6133728027344,
    445.4117431640625,
    444.5712585449219,
    436.7200622558594,
    433.9735107421875,
    432.9828796386719,
    426.6249084472656,
    432.659423828125,
    435.7546081542969,
    434.8565368652344,
    433.82769775390625,
    421.5483703613281,
    416.93206787109375,
    421.4330749511719,
    427.4224853515625,
    428.7111511230469,
    433.68634033203125,
    439.20721435546875,
    437.5888366699219,
    432.6496276855469,
    436.56207275390625,
    436.0624084472656,
    430.3006286621094,
    431.1212158203125,
    433.0291442871094,
    426.43121337890625,
    421.2534484863281,
    421.5487060546875,
    420.846923828125,
    418.2237854003906,
    417.2788391113281,
    416.72210693359375,
    410.1819763183594,
    419.38787841796875,
    417.4991455078125,
    416.73052978515625,
    416.1769104003906,
    417.64605712890625,
    419.4145202636719,
    418.0322570800781,
    418.7850036621094,
    420.63262939453125,
    420.60211181640625,
    417.62322998046875,
    422.4043884277344,
    421.719482421875,
    414.0533752441406,
    408.02496337890625,
    408.49981689453125,
    403.60162353515625,
    407.7389831542969,
    410.8368225097656,
    416.6570739746094,
    414.4045715332031,
    411.7605895996094,
    408.2252502441406,
    405.5463562011719,
    402.4515075683594,
    396.25799560546875,
    409.25042724609375,
    407.1053771972656,
    406.79351806640625,
    407.5739440917969,
    410.4551086425781,
    407.4815979003906,
    406.0726013183594,
    408.3009948730469,
    407.259521484375,
    405.2286682128906,
    405.27325439453125,
    403.7519836425781,
    400.1573486328125,
    404.23052978515625,
    401.2899475097656,
    398.03125,
    398.527099609375,
    396.8918151855469,
    399.6342468261719,
    399.71612548828125,
    394.89495849609375,
    394.92681884765625,
    397.9819641113281,
    398.55419921875,
    396.2575988769531,
    396.2270812988281,
    402.2894287109375,
    397.96319580078125,
    401.5404968261719,
    402.9554748535156,
    399.59234619140625,
    393.8062438964844,
    392.0476379394531,
    395.8069152832031,
    391.15057373046875,
    388.8766784667969,
    390.4183044433594,
    387.55291748046875,
    385.7346496582031,
    384.298828125,
    382.6764831542969
  ],