{
  "dims": [
    "pulseIndex"
  ],
  "attrs": {
    "shape": [
      280
    ]
  },
  "data": [
    465.9459228515625,
    466.9190368652344,
    469.5209655761719,
    471.0701904296875,
    474.43048095703125,
    478.227783203125,
    479.41754150390625,
    480.4516296386719,
    479.6072082519531,
    481.32159423828125,
    486.3877868652344,
    485.8334045410156,
    484.2337951660156,
    486.4948425292969,
    491.8289794921875,
    493.4004211425781,
    491.5614318847656,
    492.0929870605469,
    494.8981628417969,
    490.0557556152344,
    492.4519348144531,
    498.5449523925781,
    493.7685241699219,
    491.7766418457031,
    492.7745056152344,
    498.0458068847656,
    494.9659729003906,
    496.5100402832031,
    503.9040832519531,
    504.1398010253906,
    503.2400817871094,
    505.00640869140625,
    502.790283203125,
    502.6041259765625,
    502.93145751953125,
    499.8639831542969,
    502.88299560546875,
    503.7552795410156,
    508.31298828125,
    508.0580139160156,
    508.36395263671875,
    508.0525817871094,
    505.86871337890625,
    504.5429382324219,
    503.32183837890625,
    502.6236877441406,
    506.9447937011719,
    508.77667236328125,
    502.47119140625,
    503.8234558105469,
    503.475341796875,
    499.5966491699219,
    500.5211181640625,
    501.9945068359375,
    501.81451416015625,
    506.52923583984375,
    508.7838439941406,
    511.3884582519531,
    509.7502746582031,
    510.37957763671875,
    507.46539306640625,
    506.0331726074219,
    506.4240417480469,
    505.8193664550781,
    500.9376525878906,
    502.5497741699219,
    502.7298889160156,
    499.5406188964844,
    497.03533935546875,
    500.93072509765625,
    502.56866455078125,
    502.9765319824219,
    503.787109375,
    503.5933532714844,
    500.9324951171875,
    497.2978515625,
    497.28924560546875,
    494.6048889160156,
    492.0528869628906,
    494.7696228027344,
    496.9822692871094,
    500.1338806152344,
    498.37994384765625,
    492.3564758300781,
    493.6789855957031,
    491.7353820800781,
    489.959228515625,
    491.1021728515625,
    489.3562927246094,
    485.7383728027344,
    492.33538818359375,
    491.7529296875,
    486.1051025390625,
    488.58599853515625,
    490.7145690917969,
    488.9227294921875,
    485.6933288574219,
    485.144287109375,
    485.67724609375,
    481.78668212890625,
    482.26422119140625,
    482.44775390625,
    482.6692199707031,
    483.85162353515625,
    475.5325927734375,
    473.2115783691406,
    480.7518310546875,
    479.624267578125,
    481.25,
    479.1474914550781,
    479.25775146484375,
    477.2340393066406,
    479.38525390625,
    480.0549011230469,
    478.1990966796875,
    479.4930419921875,
    476.5402526855469,
    475.88787841796875,
    475.607177734375,
    475.2616271972656,
    469.15447998046875,
    463.3385925292969,
    460.1073913574219,
    465.2498474121094,
    460.89581298828125,
    463.3368225097656,
    467.4256591796875,
    466.9385681152344,
    464.8487548828125,
    462.02874755859375,
    461.63177490234375,
    455.5671081542969,
    444.8862609863281,
    455.0524597167969,
    461.6020812988281,
    457.2716369628906,
    456.4332275390625,
    458.6357727050781,
    462.1895751953125,
    453.81817626953125,
    452.7962951660156,
    452.7469787597656,
    457.9582824707031,
    453.87823486328125,
    456.74005126953125,
    454.7628479003906,
    448.4571533203125,
    448.6737060546875,
    448.50634765625,
    444.52264404296875,
    446.7123107910156,
    447.16583251953125,
    448.137939453125,
    446.63458251953125,
    449.4854736328125,
    443.6280212402344,
    441.9635009765625,
    441.0643310546875,
    442.6773681640625,
    443.7237548828125,
    443.3416442871094,
    443.20147705078125,
    441.6976318359375,
    442.7342834472656,
    444.0245056152344,
    439.37811279296875,
    435.8241882324219,
    435.96514892578125,
    433.7576904296875,
    436.66961669921875,
    427.5556335449219,
    426.51171875,
    427.2013854980469,
    421.8038330078125,
    421.09039306640625,
    424.0536193847656,
    432.55767822265625,
    436.8085021972656,
    434.49224853515625,
    431.3800964355469,
    428.88519287109375,
    431.52044677734375,
    429.48394775390625,
    422.97308349609375,
    420.83148193359375,
    421.1194763183594,
    417.0791015625,
    424.57794189453125,
    424.60302734375,
    423.8549499511719,
    421.1744689941406,
    413.69244384765625,
    410.6449890136719,
    416.56134033203125,
    421.41571044921875,
    421.4498596191406,
    423.2562561035156,
    429.33782958984375,
    425.7331848144531,
    419.9794616699219,
    422.7190246582031,
    420.0508728027344,
    418.9332275390625,
    418.6435546875,
    421.0196533203125,
    416.6203918457031,
    413.16650390625,
    413.4740295410156,
    412.3744201660156,
    411.93072509765625,
    412.585205078125,
    410.71551513671875,
    406.8943786621094,
    413.97125244140625,
    412.3006286621094,
    412.0867919921875,
    409.5758056640625,
    408.8864440917969,
    410.3609619140625,
    411.1959533691406,
    412.3363342285156,
    411.1048889160156,
    411.8407287597656,
    410.5553283691406,
    413.51019287109375,
    411.3479309082031,
    406.086669921875,
    401.211181640625,
    400.9241638183594,
    398.7342529296875,
    403.1230773925781,
    407.4161071777344,
    411.5605773925781,
    407.2879943847656,
    406.3199157714844,
    406.0855712890625,
    404.1573486328125,
    397.50299072265625,
    395.9003601074219,
    405.96783447265625,
    403.8449401855469,
    402.1550598144531,
    404.3321228027344,
    404.2605285644531,
    400.66363525390625,
    400.0401306152344,
    404.01171875,
    401.6894836425781,
    401.75482177734375,
    402.2384948730469,
    401.1349182128906,
    398.7872009277344,
    401.45306396484375,
    398.8104553222656,
    397.4620361328125,
    397.2958984375,
    395.4679260253906,
    396.6549377441406,
    396.6609802246094,
    394.3369140625,
    393.399169921875,
    396.9942932128906,
    395.6791687011719,
    395.5947570800781,
    397.2054443359375,
    398.7094421386719,
    395.1127624511719,
    399.2615051269531,
    398.32110595703125,
    393.92431640625,
    392.2177734375,
    391.2221984863281,
    392.89410400390625,
    390.7047119140625,
    389.3896484375,
    390.39031982421875,
    387.3123779296875,
    387.831298828125,
    385.3102111816406,
    383.7360534667969
  ],