{
  "dims": [
    "pulseIndex"
  ],
  "attrs": {
    "shape": [
      280
    ]
  },
  "data": [
    530.4359741210938,
    523.6011352539062,
    528.7222290039062,
    531.4478149414062,
    537.2012329101562,
    541.5034790039062,
    537.8405151367188,
    541.4321899414062,
    536.5979614257812,
    536.8668212890625,
    544.3397827148438,
    542.0674438476562,
    537.260498046875,
    538.773193359375,
    545.20849609375,
    545.9766845703125,
    534.7675170898438,
    537.0064697265625,
    540.8854370117188,
    531.0430297851562,
    526.8088989257812,
    533.6089477539062,
    532.324462890625,
    528.974853515625,
    530.9317626953125,
    535.21435546875,
    529.5680541992188,
    526.8297119140625,
    537.7863159179688,
    540.28515625,
    539.37060546875,
    537.6272583007812,
    539.3176879882812,
    536.0930786132812,
    530.0999145507812,
    526.318115234375,
    527.7576293945312,
    527.80712890625,
    535.7918090820312,
    534.8856811523438,
    529.7686767578125,
    528.8583374023438,
    527.1021118164062,
    527.5501708984375,
    525.478759765625,
    525.4923706054688,
    530.1676635742188,
    534.980224609375,
    528.4971923828125,
    525.4747314453125,
    521.4169311523438,
    521.2330932617188,
    524.8366088867188,
    521.5512084960938,
    521.4259033203125,
    523.2745361328125,
    526.4432983398438,
    536.0528564453125,
    530.8961791992188,
    530.8119506835938,
    524.7373657226562,
    523.3644409179688,
    522.4669189453125,
    522.34814453125,
    516.900634765625,
    515.2427978515625,
    517.2680053710938,
    516.5517578125,
    511.27606201171875,
    515.4791259765625,
    518.3945922851562,
    520.775634765625,
    523.7212524414062,
    521.609375,
    521.1840209960938,
    513.8128662109375,
    512.0189208984375,
    507.6728515625,
    505.72711181640625,
    507.7709655761719,
    512.3975219726562,
    520.6778564453125,
    511.96539306640625,
    502.54638671875,
    507.1543884277344,
    505.2146301269531,
    498.9241943359375,
    501.1015319824219,
    502.9770812988281,
    499.59234619140625,
    506.5983581542969,
    510.5370178222656,
    502.3077392578125,
    503.1878967285156,
    507.85736083984375,
    505.5308532714844,
    500.4588928222656,
    500.0067443847656,
    501.7752990722656,
    493.39404296875,
    492.24249267578125,
    495.8880920410156,
    494.9136047363281,
    496.11859130859375,
    484.8130798339844,
    481.17010498046875,
    485.1006774902344,
    487.7056579589844,
    494.718017578125,
    493.76080322265625,
    493.1910705566406,
    488.264892578125,
    490.81494140625,
    496.30389404296875,
    496.0584716796875,
    497.27325439453125,
    493.419677734375,
    491.45880126953125,
    488.74371337890625,
    490.2947082519531,
    480.4022216796875,
    472.8486022949219,
    468.37982177734375,
    473.9527893066406,
    469.9081115722656,
    468.7621765136719,
    474.02899169921875,
    476.6971740722656,
    473.18316650390625,
    466.0311584472656,
    469.05157470703125,
    460.90155029296875,
    446.1149597167969,
    461.45965576171875,
    472.0282287597656,
    465.6447448730469,
    464.77423095703125,
    471.6014404296875,
    476.4126892089844,
    464.1086120605469,
    461.2149963378906,
    460.93792724609375,
    465.4856262207031,
    466.7255859375,
    467.9647521972656,
    466.5082702636719,
    458.95379638671875,
    457.283935546875,
    460.4421691894531,
    454.97576904296875,
    455.9312438964844,
    456.5519714355469,
    456.0510559082031,
    454.1072082519531,
    458.9077453613281,
    450.77130126953125,
    450.21240234375,
    452.4361572265625,
    450.96087646484375,
    453.34051513671875,
    457.2351989746094,
    455.64263916015625,
    455.4864807128906,
    455.3394775390625,
    457.70196533203125,
    449.5791015625,
    446.1243896484375,
    444.18096923828125,
    442.4902038574219,
    446.98870849609375,
    436.109619140625,
    431.0091247558594,
    434.0302734375,
    428.8089904785156,
    427.071533203125,
    433.66351318359375,
    442.9571228027344,
    449.1243896484375,
    450.14666748046875,
    448.04345703125,
    441.3955383300781,
    444.87884521484375,
    443.6604309082031,
    434.21868896484375,
    431.5863037109375,
    429.95037841796875,
    426.6803894042969,
    433.0055847167969,
    435.037109375,
    433.6187438964844,
    432.5651550292969,
    420.0711975097656,
    415.1600341796875,
    421.60614013671875,
    427.21856689453125,
    428.06390380859375,
    434.2223205566406,
    442.4842224121094,
    437.0611877441406,
    431.0501403808594,
    437.55450439453125,
    435.3980712890625,
    428.161865234375,
    428.68756103515625,
    431.637939453125,
    426.37158203125,
    421.5980224609375,
    420.37933349609375,
    420.3191223144531,
    416.3614807128906,
    418.1208190917969,
    415.20196533203125,
    409.4971008300781,
    419.8644714355469,
    418.0249938964844,
    415.6004333496094,
    416.9568176269531,
    416.9898986816406,
    418.06524658203125,
    416.83404541015625,
    417.07611083984375,
    420.89080810546875,
    417.3119201660156,
    417.30914306640625,
    422.0184020996094,
    419.78509521484375,
    411.88262939453125,
    405.4133605957031,
    406.1407165527344,
    401.2777404785156,
    405.19525146484375,
    410.4259033203125,
    417.6256103515625,
    414.2232666015625,
    411.1187438964844,
    407.6576843261719,
    404.4432678222656,
    399.49737548828125,
    395.4408264160156,
    409.17364501953125,
    405.6566467285156,
    405.7084655761719,
    407.6778259277344,
    410.42095947265625,
    403.7018737792969,
    404.1153259277344,
    408.68389892578125,
    406.197509765625,
    404.572509765625,
    404.3616943359375,
    402.12127685546875,
    400.368896484375,
    405.0826110839844,
    400.17364501953125,
    398.2362365722656,
    398.5245666503906,
    396.6920471191406,
    398.5240478515625,
    399.0845642089844,
    394.13067626953125,
    392.745849609375,
    397.9753112792969,
    397.75408935546875,
    397.4183044433594,
    396.2015380859375,
    401.7593078613281,
    397.50506591796875,
    401.97271728515625,
    402.3094177246094,
    398.2182312011719,
    393.7742919921875,
    391.8157653808594,
    395.75469970703125,
    391.1543884277344,
    388.90679931640625,
    390.60308837890625,
    387.5103454589844,
    385.4475402832031,
    382.6730651855469,
    380.4613037109375
  ],