{
  "dims": [
    "pulseIndex"
  ],
  "attrs": {
    "shape": [
      280
    ]
  },
  "data": [
    440.9697570800781,
    440.62860107421875,
    443.5766296386719,
    447.24566650390625,
    448.1773986816406,
    451.8880310058594,
    453.46099853515625,
    456.5363464355469,
    456.49798583984375,
    456.380615234375,
    460.6647644042969,
    461.0631103515625,
    461.64788818359375,
    463.38519287109375,
    471.4888610839844,
    472.41485595703125,
    468.6444091796875,
    471.4865417480469,
    473.6737365722656,
    469.63739013671875,
    472.5908508300781,
    476.1525573730469,
    474.8460693359375,
    472.58013916015625,
    474.2041320800781,
    477.42254638671875,
    476.249755859375,
    476.74346923828125,
    487.1143798828125,
    483.9020080566406,
    486.1145324707031,
    484.6336975097656,
    486.0196228027344,
    485.8038330078125,
    484.9578857421875,
    483.64013671875,
    485.2283630371094,
    483.7525329589844,
    489.502685546875,
    491.6198425292969,
    490.3886413574219,
    490.06768798828125,
    490.4401550292969,
    488.8097229003906,
    486.36614990234375,
    486.8262939453125,
    491.60418701171875,
    492.5757751464844,
    487.58563232421875,
    489.43548583984375,
    488.81610107421875,
    486.0522155761719,
    486.3477783203125,
    486.67681884765625,
    487.1335144042969,
    491.6996765136719,
    494.59515380859375,
    498.5448913574219,
    493.90289306640625,
    497.31634521484375,
    494.71484375,
    493.78619384765625,
    494.7673034667969,
    493.4419860839844,
    487.95635986328125,
    490.1846008300781,
    492.7748107910156,
    486.29693603515625,
    485.9231262207031,
    490.1268615722656,
    492.82720947265625,
    493.1731872558594,
    495.3801574707031,
    491.95513916015625,
    492.80438232421875,
    487.47442626953125,
    489.08856201171875,
    483.1829833984375,
    482.7176818847656,
    487.0264892578125,
    486.49615478515625,
    490.477783203125,
    487.9130859375,
    482.11456298828125,
    486.7358703613281,
    487.0655212402344,
    482.61505126953125,
    482.1837463378906,
    479.5189514160156,
    477.7605285644531,
    483.34783935546875,
    485.82659912109375,
    480.0327453613281,
    482.9332275390625,
    482.8896484375,
    481.75091552734375,
    478.1809997558594,
    477.1651306152344,
    480.6332092285156,
    474.12408447265625,
    475.96673583984375,
    476.16534423828125,
    475.86553955078125,
    478.0185241699219,
    469.6497497558594,
    469.6731262207031,
    474.830810546875,
    476.2174987792969,
    476.4482116699219,
    475.2626037597656,
    475.2815246582031,
    472.09356689453125,
    475.1171569824219,
    475.4855651855469,
    473.81134033203125,
    474.0184631347656,
    474.1427001953125,
    472.8360595703125,
    470.42645263671875,
    472.26861572265625,
    464.8146667480469,
    459.76580810546875,
    455.5799560546875,
    462.63818359375,
    457.6466369628906,
    459.4828796386719,
    463.61737060546875,
    463.9152526855469,
    459.97479248046875,
    457.8425598144531,
    458.9837646484375,
    454.8534240722656,
    440.8804931640625,
    451.6271057128906,
    458.48504638671875,
    454.3375549316406,
    453.4484558105469,
    457.4312438964844,
    460.0630798339844,
    450.3751525878906,
    451.3808288574219,
    450.7957763671875,
    452.514892578125,
    453.8885192871094,
    454.0059509277344,
    452.7390441894531,
    447.85150146484375,
    446.94390869140625,
    446.6698913574219,
    445.34490966796875,
    447.0427551269531,
    447.88262939453125,
    446.71014404296875,
    443.8824462890625,
    447.2154235839844,
    442.38433837890625,
    439.8822021484375,
    440.77032470703125,
    440.67205810546875,
    443.0324401855469,
    445.1922607421875,
    442.38739013671875,
    439.4171142578125,
    442.3519287109375,
    442.58197021484375,
    438.3261413574219,
    436.03436279296875,
    435.6717224121094,
    433.4731750488281,
    437.0016784667969,
    428.75604248046875,
    427.1955261230469,
    426.606201171875,
    423.2264404296875,
    421.4847717285156,
    424.5574951171875,
    432.4496154785156,
    436.48760986328125,
    435.22119140625,
    432.93890380859375,
    426.8191833496094,
    431.9813537597656,
    427.5928955078125,
    424.16461181640625,
    423.1502990722656,
    421.800537109375,
    419.7313537597656,
    425.3836669921875,
    425.63922119140625,
    424.5400085449219,
    421.5721740722656,
    415.8056335449219,
    412.7380676269531,
    418.67681884765625,
    423.24658203125,
    422.37908935546875,
    425.1846008300781,
    429.2161560058594,
    426.6411437988281,
    423.20086669921875,
    424.9661560058594,
    422.3418884277344,
    419.2825622558594,
    419.6121520996094,
    422.13726806640625,
    417.7969665527344,
    414.0189514160156,
    415.9533996582031,
    415.46856689453125,
    414.0698547363281,
    412.1417236328125,
    411.9416198730469,
    408.937744140625,
    415.2599182128906,
    412.0757141113281,
    413.7498474121094,
    414.0434265136719,
    412.5042419433594,
    411.9140930175781,
    413.1962890625,
    412.3072204589844,
    412.8682556152344,
    412.7721252441406,
    411.278076171875,
    414.42462158203125,
    413.1845703125,
    407.1887512207031,
    404.3533630371094,
    402.3548889160156,
    400.6502990722656,
    405.13421630859375,
    408.315185546875,
    413.9671630859375,
    412.0297546386719,
    407.55181884765625,
    407.90966796875,
    406.665771484375,
    401.34698486328125,
    398.1871032714844,
    408.6077880859375,
    405.7512512207031,
    404.5763854980469,
    408.419189453125,
    408.4509582519531,
    402.49334716796875,
    402.8612365722656,
    407.11163330078125,
    406.1990051269531,
    403.8381652832031,
    403.6748962402344,
    402.94842529296875,
    400.33294677734375,
    404.3699951171875,
    401.1652526855469,
    401.1476135253906,
    401.2432861328125,
    399.2450256347656,
    400.6100158691406,
    401.5137023925781,
    397.2972717285156,
    397.45550537109375,
    400.23284912109375,
    400.7977600097656,
    399.2286376953125,
    401.965087890625,
    403.3699645996094,
    399.49884033203125,
    401.8968811035156,
    401.32049560546875,
    398.4261779785156,
    395.3716125488281,
    393.3921203613281,
    397.0435485839844,
    393.2289733886719,
    393.0581970214844,
    393.3608703613281,
    391.1937255859375,
    391.521240234375,
    388.916259765625,
    387.97454833984375
  ],