{
  "dims": [
    "pulseIndex"
  ],
  "attrs": {
    "shape": [
      280
    ]
  },
  "data": [
    452.8384704589844,
    451.7231750488281,
    455.1419372558594,
    458.2118225097656,
    459.2923583984375,
    462.6916809082031,
    465.3212585449219,
    469.6962890625,
    468.0299377441406,
    467.3786926269531,
    472.10552978515625,
    472.2120056152344,
    472.4862060546875,
    476.1379699707031,
    481.2693176269531,
    483.4485168457031,
    479.87042236328125,
    481.7281188964844,
    485.45947265625,
    479.16729736328125,
    482.13385009765625,
    486.5243225097656,
    484.6355895996094,
    481.49224853515625,
    481.9761657714844,
    488.8570251464844,
    487.2065734863281,
    487.8287048339844,
    496.8995666503906,
    496.447021484375,
    495.74432373046875,
    496.1683044433594,
    497.5519104003906,
    496.5581359863281,
    493.7989807128906,
    494.056640625,
    494.4128723144531,
    494.9728698730469,
    500.1394348144531,
    503.7391357421875,
    502.46551513671875,
    501.5379943847656,
    500.6591491699219,
    499.6076354980469,
    498.32037353515625,
    497.5401916503906,
    502.8494567871094,
    505.6366882324219,
    500.0582275390625,
    501.76361083984375,
    501.15875244140625,
    495.8866271972656,
    499.3795166015625,
    496.0798645019531,
    498.99395751953125,
    502.0234680175781,
    506.81390380859375,
    511.52337646484375,
    507.07171630859375,
    508.49188232421875,
    505.765380859375,
    505.6859130859375,
    507.10400390625,
    504.2400817871094,
    500.13140869140625,
    500.0981140136719,
    502.8883056640625,
    497.1224670410156,
    497.2989807128906,
    503.2073669433594,
    502.4606628417969,
    503.3603820800781,
    505.2420654296875,
    505.20623779296875,
    503.42706298828125,
    498.2016906738281,
    499.12774658203125,
    495.6763916015625,
    494.2493896484375,
    496.696044921875,
    499.0044860839844,
    503.6652526855469,
    499.822509765625,
    494.7742919921875,
    498.5442199707031,
    498.1011047363281,
    492.1768798828125,
    493.4740295410156,
    493.6265869140625,
    488.6502990722656,
    495.346435546875,
    497.8729248046875,
    492.440185546875,
    493.0035705566406,
    497.5458984375,
    495.4799499511719,
    490.9024963378906,
    490.7066955566406,
    491.3474426269531,
    486.37005615234375,
    486.36663818359375,
    489.4771728515625,
    489.95770263671875,
    492.5035095214844,
    480.54998779296875,
    479.21307373046875,
    487.7982177734375,
    487.8467712402344,
    488.55438232421875,
    490.3868713378906,
    488.2213439941406,
    483.3567810058594,
    485.7457580566406,
    488.6311950683594,
    487.4670104980469,
    489.0555419921875,
    486.603759765625,
    486.7600402832031,
    483.1105651855469,
    484.0938415527344,
    477.9797668457031,
    470.6525573730469,
    467.7089538574219,
    475.0499572753906,
    469.1697998046875,
    470.1304931640625,
    477.08673095703125,
    477.82452392578125,
    473.7847595214844,
    469.95697021484375,
    471.6910705566406,
    463.8387145996094,
    451.4419250488281,
    464.34033203125,
    472.23077392578125,
    467.15850830078125,
    466.8343200683594,
    468.63128662109375,
    473.82696533203125,
    463.2489318847656,
    462.54052734375,
    462.0719299316406,
    466.5329895019531,
    467.0929870605469,
    467.88763427734375,
    467.0169372558594,
    459.8866271972656,
    456.9305725097656,
    459.2571716308594,
    458.3379211425781,
    460.52288818359375,
    460.8003234863281,
    460.71966552734375,
    457.5166015625,
    459.634765625,
    452.7449035644531,
    453.62335205078125,
    451.15936279296875,
    453.7664489746094,
    455.53643798828125,
    457.8072204589844,
    455.95953369140625,
    454.3515319824219,
    455.17327880859375,
    456.2237548828125,
    450.5897216796875,
    448.1484680175781,
    447.0021667480469,
    445.753662109375,
    449.8069763183594,
    440.810302734375,
    438.1572570800781,
    437.9349670410156,
    434.97601318359375,
    432.7613830566406,
    436.9426574707031,
    443.46307373046875,
    450.2985534667969,
    450.6971130371094,
    445.2167663574219,
    440.9815979003906,
    443.8285217285156,
    440.98394775390625,
    435.2233581542969,
    433.3110046386719,
    434.39227294921875,
    431.921630859375,
    436.0625915527344,
    438.2452392578125,
    437.8919677734375,
    436.91168212890625,
    424.2114562988281,
    422.4953308105469,
    431.0435485839844,
    434.20037841796875,
    435.9826965332031,
    441.2605895996094,
    444.006591796875,
    440.1077880859375,
    434.8260498046875,
    438.0819091796875,
    435.8800964355469,
    431.2606201171875,
    431.525146484375,
    433.15087890625,
    428.6338806152344,
    428.23895263671875,
    427.36724853515625,
    426.66754150390625,
    426.04010009765625,
    425.9076843261719,
    423.564697265625,
    420.97576904296875,
    429.599365234375,
    427.69659423828125,
    427.0824890136719,
    426.6203918457031,
    424.1163330078125,
    424.3482666015625,
    424.3097229003906,
    425.0386657714844,
    427.31817626953125,
    424.4462890625,
    424.8635559082031,
    428.8943786621094,
    424.9842834472656,
    420.3138122558594,
    416.00927734375,
    415.47467041015625,
    410.48394775390625,
    417.4371032714844,
    421.44354248046875,
    425.7669372558594,
    423.97052001953125,
    421.0228271484375,
    420.2290954589844,
    419.04150390625,
    411.3040771484375,
    408.6734619140625,
    420.4691467285156,
    417.20361328125,
    415.5606384277344,
    417.66119384765625,
    420.1994323730469,
    414.8675537109375,
    412.7792663574219,
    418.1956787109375,
    415.3192443847656,
    414.1672668457031,
    417.113037109375,
    415.3465881347656,
    413.9147033691406,
    416.0418701171875,
    414.2000427246094,
    412.98907470703125,
    414.1698913574219,
    411.5144348144531,
    412.747314453125,
    412.00115966796875,
    408.24993896484375,
    407.50067138671875,
    411.4040832519531,
    410.6832275390625,
    412.7713317871094,
    412.4476318359375,
    412.718505859375,
    409.3205261230469,
    413.05322265625,
    415.3449401855469,
    409.5758056640625,
    406.7003479003906,
    405.82342529296875,
    407.7737121582031,
    404.8988952636719,
    402.251708984375,
    405.64312744140625,
    401.9143371582031,
    401.8865966796875,
    400.60504150390625,
    397.2979431152344
  ],