{
  "dims": [
    "pulseIndex"
  ],
  "attrs": {
    "shape": [
      280
    ]
  },
  "data": [
    523.4680786132812,
    515.9002685546875,
    517.09228515625,
    518.7468872070312,
    522.140625,
    524.369140625,
    519.210205078125,
    520.4591674804688,
    518.6912231445312,
    518.9166870117188,
    523.5305786132812,
    519.6511840820312,
    516.1583862304688,
    515.90673828125,
    518.1618041992188,
    516.0020751953125,
    508.2180480957031,
    508.13677978515625,
    510.0739440917969,
    503.804931640625,
    499.9856262207031,
    503.4488830566406,
    499.4828186035156,
    499.7250061035156,
    500.1745300292969,
    502.3521423339844,
    497.0740661621094,
    493.9686279296875,
    498.5784912109375,
    499.3161926269531,
    498.9804992675781,
    500.6601867675781,
    499.7406311035156,
    497.3425598144531,
    493.5580139160156,
    489.932861328125,
    487.4172668457031,
    489.9275207519531,
    490.8946533203125,
    489.31182861328125,
    484.44854736328125,
    482.9300842285156,
    481.384765625,
    482.6269226074219,
    481.5779724121094,
    480.3443298339844,
    478.69659423828125,
    483.46051025390625,
    478.57806396484375,
    475.5168151855469,
    472.9784851074219,
    474.34521484375,
    478.5166320800781,
    475.1771545410156,
    473.6217041015625,
    472.1195068359375,
    470.6338806152344,
    477.048095703125,
    473.1216125488281,
    471.2430725097656,
    464.18206787109375,
    466.4141540527344,
    464.34417724609375,
    462.4003601074219,
    461.2174987792969,
    460.3315124511719,
    460.9114990234375,
    459.79241943359375,
    457.5567626953125,
    458.4212646484375,
    460.3792419433594,
    463.2348327636719,
    462.0621643066406,
    459.95269775390625,
    459.4241638183594,
    456.1349182128906,
    452.77691650390625,
    451.9620666503906,
    447.97357177734375,
    448.6479187011719,
    454.7836608886719,
    454.50555419921875,
    447.51544189453125,
    439.0802001953125,
    442.96453857421875,
    442.798095703125,
    438.6786804199219,
    438.89251708984375,
    443.23211669921875,
    440.6822204589844,
    442.0422668457031,
    446.6524353027344,
    438.49017333984375,
    439.581787109375,
    442.51300048828125,
    442.1165771484375,
    438.1221008300781,
    435.536865234375,
    438.8890075683594,
    430.2777404785156,
    429.8647155761719,
    432.1686706542969,
    428.5023193359375,
    427.1816101074219,
    422.0126037597656,
    418.89605712890625,
    417.5793762207031,
    418.9801330566406,
    427.58990478515625,
    421.674072265625,
    425.0478515625,
    424.3336486816406,
    423.21722412109375,
    424.1306457519531,
    425.5103759765625,
    428.16973876953125,
    423.1620178222656,
    420.84930419921875,
    419.5196533203125,
    420.63800048828125,
    412.7334289550781,
    410.39483642578125,
    407.6507568359375,
    410.0129089355469,
    405.5493469238281,
    406.15325927734375,
    404.04046630859375,
    403.8296203613281,
    405.3248596191406,
    399.758056640625,
    400.0771484375,
    396.1286926269531,
    386.4278564453125,
    396.7054443359375,
    403.3651428222656,
    400.3377685546875,
    399.2552185058594,
    401.3254089355469,
    402.3421936035156,
    395.9949645996094,
    394.619873046875,
    393.6917724609375,
    396.0640563964844,
    394.6622314453125,
    396.3468017578125,
    395.4470520019531,
    390.8601379394531,
    389.29449462890625,
    390.6841735839844,
    385.6129455566406,
    385.439697265625,
    385.27874755859375,
    384.04144287109375,
    383.3883972167969,
    385.5674743652344,
    383.8454895019531,
    384.50091552734375,
    385.2333679199219,
    382.45611572265625,
    382.71630859375,
    385.6383972167969,
    384.1493835449219,
    382.9783630371094,
    382.8536071777344,
    386.9004211425781,
    381.3679504394531,
    377.1763916015625,
    375.7528076171875,
    376.13763427734375,
    375.34051513671875,
    369.18511962890625,
    365.9023132324219,
    368.9419250488281,
    365.4168395996094,
    363.42999267578125,
    369.6023864746094,
    375.7564392089844,
    375.4807434082031,
    374.4570617675781,
    376.4141540527344,
    371.34197998046875,
    373.04669189453125,
    373.2640075683594,
    368.3913269042969,
    366.0356750488281,
    365.11236572265625,
    356.8368225097656,
    362.0414123535156,
    362.7955627441406,
    361.3538513183594,
    361.35894775390625,
    354.9134826660156,
    348.78759765625,
    353.30755615234375,
    356.54296875,
    355.8699035644531,
    359.29150390625,
    365.6813049316406,
    364.90667724609375,
    360.8758239746094,
    364.2822570800781,
    363.35107421875,
    361.0182800292969,
    359.0240783691406,
    361.2673034667969,
    356.8402099609375,
    349.0867919921875,
    349.11669921875,
    349.212158203125,
    346.1473693847656,
    346.5466613769531,
    347.9164123535156,
    338.6026611328125,
    345.67218017578125,
    347.17315673828125,
    343.5311279296875,
    341.18408203125,
    346.05120849609375,
    348.7824401855469,
    345.8604431152344,
    346.634521484375,
    347.5757141113281,
    347.9050598144531,
    347.09185791015625,
    350.0200500488281,
    349.3695983886719,
    344.21636962890625,
    339.1803283691406,
    340.6681823730469,
    335.7690734863281,
    338.798828125,
    338.60540771484375,
    341.48834228515625,
    338.6925354003906,
    338.71649169921875,
    334.3280334472656,
    333.279052734375,
    330.4486999511719,
    328.3460693359375,
    334.8702087402344,
    333.86004638671875,
    335.1311340332031,
    334.5797119140625,
    335.5146789550781,
    337.23748779296875,
    333.836181640625,
    338.3505859375,
    335.4059143066406,
    335.0494384765625,
    331.9477233886719,
    330.6637268066406,
    328.22174072265625,
    331.4563903808594,
    328.98052978515625,
    325.5581359863281,
    325.6016540527344,
    325.612060546875,
    326.3173522949219,
    326.4491882324219,
    324.0059509277344,
    324.1418762207031,
    326.4665832519531,
    326.7870178222656,
    324.5400085449219,
    322.85186767578125,
    326.8746643066406,
    326.2310791015625,
    328.1825256347656,
    326.81158447265625,
    325.1784362792969,
    323.4433898925781,
    321.2341613769531,
    321.77642822265625,
    319.796630859375,
    317.44464111328125,
    319.6564025878906,
    316.4724426269531,
    314.4863586425781,
    311.05804443359375,
    311.31884765625
  ],