{
  "dims": [
    "pulseIndex"
  ],
  "attrs": {
    "shape": [
      280
    ]
  },
  "data": [
    454.4846496582031,
    456.67572021484375,
    460.6885070800781,
    460.3289489746094,
    465.1768798828125,
    467.8518371582031,
    470.83721923828125,
    474.0606384277344,
    470.4305419921875,
    472.2890319824219,
    476.4016418457031,
    474.3260498046875,
    476.2544860839844,
    479.1271057128906,
    485.46441650390625,
    486.3417663574219,
    483.4715881347656,
    486.1452331542969,
    489.0086975097656,
    482.6581115722656,
    485.6287841796875,
    488.13946533203125,
    489.49505615234375,
    486.78741455078125,
    488.0102844238281,
    488.75006103515625,
    489.5874938964844,
    491.9034118652344,
    496.46624755859375,
    497.64697265625,
    498.04840087890625,
    498.6520080566406,
    497.23602294921875,
    499.5252990722656,
    498.196533203125,
    495.6180419921875,
    496.1949462890625,
    499.2315979003906,
    501.97479248046875,
    504.8439025878906,
    501.7361145019531,
    504.1419677734375,
    500.693603515625,
    500.488037109375,
    498.8011169433594,
    500.26495361328125,
    503.0982666015625,
    506.07928466796875,
    499.58740234375,
    501.67645263671875,
    499.9065856933594,
    497.42669677734375,
    498.29931640625,
    500.1468200683594,
    499.5585021972656,
    503.39154052734375,
    507.55926513671875,
    508.3216247558594,
    506.9117736816406,
    509.409912109375,
    504.04296875,
    505.2090759277344,
    506.9152526855469,
    504.6018371582031,
    500.15301513671875,
    500.5436096191406,
    501.8660583496094,
    499.6858215332031,
    497.84222412109375,
    499.0374450683594,
    501.2698669433594,
    504.1851501464844,
    503.0066223144531,
    503.14404296875,
    504.29638671875,
    497.62188720703125,
    497.6148681640625,
    493.6461181640625,
    494.25457763671875,
    495.7991943359375,
    497.26171875,
    501.5965270996094,
    498.1325378417969,
    493.199951171875,
    496.2837829589844,
    496.2320556640625,
    491.2986145019531,
    492.5311584472656,
    493.006591796875,
    489.8784484863281,
    492.85101318359375,
    495.93426513671875,
    489.6662902832031,
    492.5105285644531,
    493.3714294433594,
    492.5267639160156,
    488.44158935546875,
    488.9662170410156,
    488.1775817871094,
    484.3193664550781,
    485.2357177734375,
    487.6098937988281,
    486.462646484375,
    487.0936584472656,
    480.1978454589844,
    479.6257629394531,
    482.9734191894531,
    484.5184631347656,
    485.3150329589844,
    485.846435546875,
    485.06768798828125,
    480.93414306640625,
    483.8222961425781,
    485.9066467285156,
    483.0565490722656,
    485.33941650390625,
    482.8082275390625,
    480.2741394042969,
    481.508544921875,
    479.9174499511719,
    474.9337158203125,
    469.4408264160156,
    466.6769714355469,
    472.1572265625,
    468.4213562011719,
    467.5039978027344,
    472.9775085449219,
    474.35986328125,
    469.44683837890625,
    467.0662841796875,
    469.2674560546875,
    461.83331298828125,
    451.1704406738281,
    461.3035583496094,
    468.8024597167969,
    464.5243225097656,
    463.54705810546875,
    465.5387878417969,
    467.74688720703125,
    461.203125,
    458.387451171875,
    459.0632629394531,
    462.7731628417969,
    464.3997497558594,
    463.29705810546875,
    462.5238952636719,
    457.1603698730469,
    456.38201904296875,
    457.9324645996094,
    455.2099609375,
    457.24200439453125,
    455.3069152832031,
    454.6742248535156,
    452.9955749511719,
    455.6015930175781,
    450.50653076171875,
    450.1971740722656,
    448.69293212890625,
    450.26678466796875,
    450.85919189453125,
    454.1156311035156,
    452.0351867675781,
    450.64581298828125,
    450.556884765625,
    451.83563232421875,
    447.528076171875,
    445.1173095703125,
    443.9195251464844,
    442.55914306640625,
    443.7493896484375,
    437.1175537109375,
    436.20263671875,
    436.85467529296875,
    433.27789306640625,
    430.2033996582031,
    434.4034729003906,
    441.2569274902344,
    445.86004638671875,
    443.19921875,
    441.3953857421875,
    438.1049499511719,
    440.4827880859375,
    438.77374267578125,
    432.802490234375,
    431.44049072265625,
    430.4002990722656,
    428.57513427734375,
    432.799072265625,
    434.1714782714844,
    432.7288818359375,
    431.5238037109375,
    423.9028015136719,
    419.9429931640625,
    426.7814025878906,
    429.22735595703125,
    430.1630859375,
    433.0866394042969,
    438.4952392578125,
    435.0763854980469,
    431.2385559082031,
    432.7868347167969,
    431.0298156738281,
    426.5776062011719,
    429.5057678222656,
    427.71807861328125,
    427.2973937988281,
    422.80181884765625,
    424.41424560546875,
    421.749755859375,
    420.8331298828125,
    421.02081298828125,
    419.8614501953125,
    415.2763977050781,
    423.9211120605469,
    423.7706604003906,
    422.7075500488281,
    420.9599914550781,
    420.7974853515625,
    420.6822509765625,
    421.2935485839844,
    421.3526306152344,
    422.470947265625,
    421.4931335449219,
    420.3748474121094,
    422.1249084472656,
    421.6183776855469,
    416.5989990234375,
    412.2309265136719,
    411.43841552734375,
    407.9879455566406,
    412.7969665527344,
    418.10308837890625,
    420.3266296386719,
    416.993896484375,
    416.19500732421875,
    415.8943176269531,
    413.9096984863281,
    408.7174072265625,
    404.59918212890625,
    415.8375549316406,
    411.8783264160156,
    412.7501525878906,
    416.2016906738281,
    415.3525390625,
    411.8354797363281,
    410.8398132324219,
    415.52313232421875,
    412.8760070800781,
    411.75726318359375,
    411.69384765625,
    411.5086669921875,
    408.05364990234375,
    412.48321533203125,
    409.599609375,
    409.553466796875,
    407.9708557128906,
    407.8601989746094,
    408.2202453613281,
    407.61187744140625,
    404.7137451171875,
    404.59912109375,
    408.8285217285156,
    407.3877868652344,
    406.3921203613281,
    406.8843688964844,
    409.8977355957031,
    406.7367248535156,
    409.6736145019531,
    410.2676086425781,
    406.7900085449219,
    404.06549072265625,
    402.6598205566406,
    403.8989562988281,
    402.88311767578125,
    399.4216003417969,
    401.8442687988281,
    398.163330078125,
    398.40020751953125,
    396.2554931640625,
    396.4492492675781
  ],