{
  "dims": [
    "pulseIndex"
  ],
  "attrs": {
    "shape": [
      280
    ]
  },
  "data": [
    434.10528564453125,
    437.2116394042969,
    438.97174072265625,
    441.5498962402344,
    444.31610107421875,
    448.8266296386719,
    451.2134094238281,
    452.5430908203125,
    453.38116455078125,
    453.6965026855469,
    454.6085205078125,
    457.3828430175781,
    460.5415344238281,
    462.0460510253906,
    468.4043884277344,
    470.6957092285156,
    468.8670654296875,
    468.86895751953125,
    473.55938720703125,
    470.06317138671875,
    472.2199401855469,
    477.3731689453125,
    477.1506652832031,
    472.78924560546875,
    476.5619812011719,
    481.3481140136719,
    480.63409423828125,
    479.4598083496094,
    487.54168701171875,
    489.41162109375,
    488.3872985839844,
    489.9573974609375,
    491.1377868652344,
    488.3974914550781,
    489.5718688964844,
    488.8819580078125,
    490.5787048339844,
    488.6770324707031,
    494.47015380859375,
    499.8526916503906,
    497.7358093261719,
    497.1824951171875,
    499.6767272949219,
    497.7190856933594,
    495.8575134277344,
    495.5510559082031,
    500.5762023925781,
    500.84014892578125,
    497.3612060546875,
    499.387451171875,
    500.2856140136719,
    495.9758605957031,
    497.7372131347656,
    495.9532165527344,
    498.7939453125,
    501.4493408203125,
    505.4635009765625,
    507.57830810546875,
    507.7982177734375,
    507.79620361328125,
    506.5958251953125,
    506.67340087890625,
    506.7580261230469,
    507.55072021484375,
    503.6161193847656,
    502.171875,
    505.89764404296875,
    500.6570129394531,
    500.8572082519531,
    504.9625549316406,
    504.1974182128906,
    504.95880126953125,
    506.1867370605469,
    507.4410095214844,
    504.84991455078125,
    501.7462463378906,
    501.4508056640625,
    500.4349060058594,
    496.7001953125,
    501.08416748046875,
    501.59381103515625,
    505.1730651855469,
    504.5384521484375,
    499.1113586425781,
    503.3067321777344,
    503.9292907714844,
    498.569091796875,
    499.03668212890625,
    498.2402038574219,
    495.39996337890625,
    501.1447448730469,
    501.1256103515625,
    499.3287353515625,
    498.84210205078125,
    499.90472412109375,
    497.6368408203125,
    497.2276916503906,
    495.4753723144531,
    495.7484130859375,
    491.51019287109375,
    492.2336120605469,
    493.1553955078125,
    495.8058776855469,
    494.6237487792969,
    487.9022521972656,
    487.9805908203125,
    492.1692810058594,
    492.1363830566406,
    493.62432861328125,
    494.59326171875,
    493.8126525878906,
    489.55780029296875,
    492.177978515625,
    493.0922546386719,
    492.82275390625,
    494.0544128417969,
    493.1651916503906,
    489.4168701171875,
    488.3751525878906,
    490.0498962402344,
    484.7002868652344,
    479.7918395996094,
    474.5728454589844,
    482.13677978515625,
    476.7770080566406,
    478.68890380859375,
    481.7867736816406,
    482.8302307128906,
    481.3763122558594,
    479.3355712890625,
    480.41583251953125,
    472.88970947265625,
    461.8744201660156,
    472.75018310546875,
    479.5574035644531,
    474.4037170410156,
    474.36181640625,
    476.21490478515625,
    478.80780029296875,
    472.21832275390625,
    471.6187438964844,
    470.284423828125,
    476.2849426269531,
    473.8647155761719,
    474.1339416503906,
    475.23687744140625,
    468.8733215332031,
    467.4254455566406,
    468.0481262207031,
    466.9722595214844,
    467.56207275390625,
    469.3558654785156,
    468.1051940917969,
    466.35662841796875,
    467.7779846191406,
    463.69232177734375,
    461.53009033203125,
    460.85711669921875,
    461.1214294433594,
    464.4713439941406,
    467.0362854003906,
    464.5390319824219,
    462.94512939453125,
    463.6832275390625,
    464.71893310546875,
    459.7446594238281,
    458.5537109375,
    457.716552734375,
    455.9280700683594,
    460.58038330078125,
    451.3984069824219,
    449.52899169921875,
    448.9075927734375,
    445.4833984375,
    444.9355773925781,
    445.4367370605469,
    453.0073547363281,
    459.6446533203125,
    458.3087463378906,
    455.76611328125,
    453.1207275390625,
    453.372314453125,
    453.8479309082031,
    447.360107421875,
    444.6341247558594,
    445.4005432128906,
    441.3210144042969,
    448.92755126953125,
    449.7643737792969,
    449.1627502441406,
    445.0506286621094,
    438.23822021484375,
    433.17987060546875,
    441.0019836425781,
    446.51953125,
    447.6790771484375,
    449.4418640136719,
    454.2509765625,
    450.58331298828125,
    446.2220153808594,
    448.513427734375,
    446.3643798828125,
    442.2606201171875,
    444.1939392089844,
    444.35888671875,
    441.2483215332031,
    437.8816223144531,
    440.8606872558594,
    439.2740783691406,
    438.38836669921875,
    436.1893615722656,
    435.200439453125,
    431.010009765625,
    440.55291748046875,
    437.8450927734375,
    437.5289001464844,
    436.6990966796875,
    436.0447692871094,
    438.2315368652344,
    436.3807678222656,
    436.5619812011719,
    438.1459045410156,
    437.6076354980469,
    435.58123779296875,
    440.099609375,
    437.9571533203125,
    431.452880859375,
    428.46063232421875,
    426.8674011230469,
    423.2277526855469,
    427.73712158203125,
    433.5360107421875,
    439.2396240234375,
    434.6412048339844,
    432.34490966796875,
    432.2454833984375,
    431.8550109863281,
    425.59423828125,
    421.2494201660156,
    433.0802001953125,
    430.63446044921875,
    430.5020751953125,
    430.9715881347656,
    431.89971923828125,
    426.9261169433594,
    425.42047119140625,
    431.2333984375,
    428.4460144042969,
    427.4648132324219,
    429.4346618652344,
    427.3463439941406,
    425.6341247558594,
    430.8807067871094,
    425.5503845214844,
    424.4688415527344,
    425.7927551269531,
    425.82928466796875,
    424.8719177246094,
    426.5321044921875,
    423.1833190917969,
    421.1518859863281,
    424.57330322265625,
    425.68426513671875,
    424.7274475097656,
    424.2842712402344,
    427.0650329589844,
    424.6658630371094,
    425.4883117675781,
    427.1416015625,
    423.5025329589844,
    419.4855651855469,
    419.47686767578125,
    422.28143310546875,
    419.5563049316406,
    418.7733154296875,
    418.8077392578125,
    416.24993896484375,
    416.34033203125,
    415.3670654296875,
    412.2967224121094
  ],