{
  "dims": [
    "pulseIndex"
  ],
  "attrs": {
    "shape": [
      280
    ]
  },
  "data": [
    405.62835693359375,
    403.4122619628906,
    409.5786437988281,
    410.8238525390625,
    412.38226318359375,
    417.1146545410156,
    418.4378967285156,
    420.380615234375,
    422.21807861328125,
    421.00543212890625,
    425.02899169921875,
    427.3613586425781,
    427.4548645019531,
    430.1391906738281,
    435.9065246582031,
    436.11700439453125,
    434.850341796875,
    436.8876037597656,
    440.0352478027344,
    436.5311584472656,
    440.61212158203125,
    443.6805419921875,
    442.8560485839844,
    441.97833251953125,
    443.5709533691406,
    446.84307861328125,
    444.793212890625,
    448.9024658203125,
    455.9007263183594,
    454.3572998046875,
    455.96490478515625,
    455.42974853515625,
    457.00604248046875,
    455.744384765625,
    455.4219665527344,
    454.2890930175781,
    457.7008056640625,
    459.4322509765625,
    462.4954833984375,
    464.2782287597656,
    465.26763916015625,
    466.2057189941406,
    464.2708740234375,
    464.5396728515625,
    465.1015319824219,
    463.9710998535156,
    466.8475341796875,
    471.3809509277344,
    467.7817687988281,
    469.27423095703125,
    468.1316833496094,
    465.97735595703125,
    470.00543212890625,
    469.7474670410156,
    470.0293273925781,
    474.2267761230469,
    476.4455261230469,
    478.3519287109375,
    475.8085632324219,
    479.53436279296875,
    478.211669921875,
    477.3599853515625,
    479.05029296875,
    478.3135681152344,
    475.53753662109375,
    476.8605651855469,
    477.97515869140625,
    473.8570556640625,
    476.0521545410156,
    476.55792236328125,
    478.4559631347656,
    480.515380859375,
    480.4154357910156,
    481.0804748535156,
    481.7257080078125,
    476.5162048339844,
    478.4604187011719,
    473.8225402832031,
    476.4031677246094,
    479.8393249511719,
    479.98486328125,
    482.9266357421875,
    478.9032287597656,
    476.2646484375,
    479.9012451171875,
    477.76397705078125,
    476.4776916503906,
    479.0209655761719,
    476.64862060546875,
    475.503173828125,
    479.53448486328125,
    480.9258117675781,
    478.366455078125,
    478.821533203125,
    479.57489013671875,
    478.9111633300781,
    478.46087646484375,
    476.80914306640625,
    478.22265625,
    475.4878845214844,
    474.05279541015625,
    477.90631103515625,
    477.1256103515625,
    480.334716796875,
    471.494384765625,
    471.6490478515625,
    476.2888488769531,
    476.8159484863281,
    479.86163330078125,
    477.892822265625,
    475.34832763671875,
    474.4388122558594,
    477.6244812011719,
    479.9690246582031,
    478.1065979003906,
    477.8280334472656,
    477.7620544433594,
    476.3144836425781,
    475.50836181640625,
    476.0562438964844,
    473.14495849609375,
    467.83740234375,
    464.1759948730469,
    470.2331848144531,
    468.30712890625,
    464.9802551269531,
    472.6595153808594,
    472.3177795410156,
    470.12432861328125,
    466.59283447265625,
    468.2057800292969,
    462.856201171875,
    455.2370300292969,
    463.83203125,
    470.3388366699219,
    466.0773010253906,
    464.99090576171875,
    467.04888916015625,
    469.916015625,
    463.9233093261719,
    462.4762878417969,
    462.97149658203125,
    466.22491455078125,
    465.63250732421875,
    463.76177978515625,
    466.07489013671875,
    461.2208557128906,
    460.8228759765625,
    463.8016357421875,
    460.818359375,
    459.837646484375,
    460.0478820800781,
    461.01153564453125,
    459.51385498046875,
    461.1767272949219,
    458.3105773925781,
    458.1764831542969,
    456.01519775390625,
    457.0506591796875,
    459.4867858886719,
    458.55364990234375,
    456.75726318359375,
    456.68048095703125,
    458.4537048339844,
    458.650146484375,
    455.0142822265625,
    454.0426330566406,
    453.0967712402344,
    453.3681640625,
    454.2775573730469,
    448.7685546875,
    445.0415954589844,
    446.59710693359375,
    441.988037109375,
    442.6307678222656,
    445.6009521484375,
    452.2335510253906,
    453.750732421875,
    453.06048583984375,
    453.55364990234375,
    448.031005859375,
    449.9013977050781,
    448.68707275390625,
    444.678466796875,
    444.2240295410156,
    442.93145751953125,
    440.65087890625,
    446.1484680175781,
    444.27154541015625,
    446.5869140625,
    444.3182678222656,
    438.8413391113281,
    435.2962951660156,
    438.8332824707031,
    442.6645812988281,
    443.79144287109375,
    447.07318115234375,
    449.1077880859375,
    447.19586181640625,
    443.8764953613281,
    446.4418640136719,
    443.3678894042969,
    440.8583679199219,
    441.18927001953125,
    443.91058349609375,
    439.1950988769531,
    436.8441467285156,
    438.40802001953125,
    435.6480712890625,
    435.2293395996094,
    435.2394104003906,
    433.6742248535156,
    430.5840759277344,
    436.8507080078125,
    437.17327880859375,
    437.4888916015625,
    434.90533447265625,
    434.95086669921875,
    435.9125061035156,
    436.58837890625,
    436.1443176269531,
    435.5088806152344,
    436.353515625,
    435.66259765625,
    437.9490051269531,
    435.98272705078125,
    432.1669616699219,
    428.59912109375,
    428.9369201660156,
    425.70318603515625,
    428.2298889160156,
    431.5700378417969,
    435.75970458984375,
    432.62042236328125,
    432.8226318359375,
    430.5220642089844,
    429.2469177246094,
    427.0606384277344,
    423.6183166503906,
    431.57318115234375,
    429.9874572753906,
    428.28216552734375,
    430.49859619140625,
    431.58612060546875,
    428.6219787597656,
    427.34967041015625,
    431.5741271972656,
    430.613037109375,
    428.2928771972656,
    427.76904296875,
    428.0265808105469,
    425.1109619140625,
    426.816162109375,
    424.72332763671875,
    424.30865478515625,
    424.3643798828125,
    423.0202331542969,
    424.28216552734375,
    425.7673034667969,
    422.7933654785156,
    422.73052978515625,
    423.7074890136719,
    425.8985595703125,
    423.6153869628906,
    422.4151916503906,
    424.9799499511719,
    424.32659912109375,
    428.23980712890625,
    425.19207763671875,
    423.2066345214844,
    421.81549072265625,
    421.5588073730469,
    422.09222412109375,
    420.7851867675781,
    417.95196533203125,
    420.0480651855469,
    417.65081787109375,
    415.45880126953125,
    413.1963806152344,
    413.95587158203125
  ],