{
  "dims": [
    "pulseIndex"
  ],
  "attrs": {
    "shape": [
      280
    ]
  },
  "data": [
    446.57135009765625,
    446.9732360839844,
    451.6895751953125,
    453.06884765625,
    455.1420593261719,
    461.2638854980469,
    461.66583251953125,
    465.3466796875,
    465.9840393066406,
    464.87109375,
    466.8066711425781,
    468.54852294921875,
    469.68505859375,
    470.0895690917969,
    478.8682556152344,
    479.3001403808594,
    475.0674133300781,
    478.7403259277344,
    480.6063537597656,
    474.3350524902344,
    478.6812438964844,
    482.8074951171875,
    480.8372497558594,
    474.98046875,
    479.43701171875,
    482.6053771972656,
    480.3662414550781,
    481.5674133300781,
    491.0331726074219,
    491.14312744140625,
    492.0087585449219,
    490.0337829589844,
    493.7502746582031,
    491.89398193359375,
    489.0713806152344,
    488.71734619140625,
    490.0558776855469,
    488.73529052734375,
    496.224609375,
    497.5364074707031,
    496.2245788574219,
    496.88427734375,
    495.19061279296875,
    494.4327392578125,
    494.3042297363281,
    492.0934143066406,
    498.3752746582031,
    499.3839416503906,
    493.300537109375,
    495.59283447265625,
    492.5228271484375,
    491.4189758300781,
    491.57489013671875,
    491.9874572753906,
    493.2779235839844,
    497.5716857910156,
    502.1521301269531,
    504.4845275878906,
    501.2197265625,
    502.0164489746094,
    499.4898986816406,
    499.5318603515625,
    500.9700927734375,
    498.77667236328125,
    494.46533203125,
    493.9502258300781,
    495.5609130859375,
    493.7544250488281,
    491.3940734863281,
    494.46868896484375,
    496.5450439453125,
    496.865234375,
    499.97625732421875,
    498.003173828125,
    495.59893798828125,
    492.25909423828125,
    490.9978942871094,
    489.1373596191406,
    486.97369384765625,
    490.57562255859375,
    492.3591003417969,
    495.74212646484375,
    493.0376892089844,
    485.62091064453125,
    492.587890625,
    489.2225341796875,
    486.69378662109375,
    486.7293395996094,
    485.8011169433594,
    484.32061767578125,
    489.4362487792969,
    491.23272705078125,
    484.4638977050781,
    488.1439514160156,
    490.0839538574219,
    485.7613525390625,
    485.3886413574219,
    485.1604309082031,
    484.42779541015625,
    479.54119873046875,
    481.0765380859375,
    481.7441711425781,
    481.706787109375,
    483.83148193359375,
    477.2462463378906,
    475.2846984863281,
    477.6296081542969,
    479.2709045410156,
    483.06048583984375,
    481.8145751953125,
    480.784912109375,
    476.14739990234375,
    476.35260009765625,
    480.8199157714844,
    478.7754211425781,
    479.2799987792969,
    478.600830078125,
    476.0850830078125,
    476.5068359375,
    475.4851379394531,
    469.9958801269531,
    464.765380859375,
    462.7333984375,
    468.2413024902344,
    462.1862487792969,
    464.7286682128906,
    468.1221008300781,
    469.1414489746094,
    465.39385986328125,
    463.1808776855469,
    464.1495056152344,
    457.86956787109375,
    444.503173828125,
    457.4241943359375,
    465.1078796386719,
    460.2449035644531,
    457.70794677734375,
    461.9339904785156,
    464.4229431152344,
    455.0572509765625,
    455.0332336425781,
    453.2256164550781,
    458.1644287109375,
    459.3591003417969,
    458.3635559082031,
    458.3620300292969,
    451.96173095703125,
    451.55322265625,
    452.1954345703125,
    448.6228942871094,
    451.2333068847656,
    451.9296569824219,
    452.257080078125,
    449.0761413574219,
    450.39837646484375,
    447.13818359375,
    444.5440979003906,
    444.04681396484375,
    445.33837890625,
    447.5254211425781,
    447.73162841796875,
    447.5451965332031,
    445.0400390625,
    445.4267272949219,
    449.9092712402344,
    442.2744140625,
    441.03082275390625,
    439.869140625,
    437.6034240722656,
    440.6341247558594,
    432.2759704589844,
    429.9207763671875,
    430.481689453125,
    428.72442626953125,
    426.88726806640625,
    427.1866455078125,
    437.3797607421875,
    442.2284240722656,
    439.2173156738281,
    436.9837646484375,
    434.2474060058594,
    435.4588928222656,
    433.8948974609375,
    426.58197021484375,
    425.63134765625,
    426.3895263671875,
    422.4161682128906,
    429.6465759277344,
    430.95556640625,
    430.5621032714844,
    426.6949157714844,
    418.8022155761719,
    416.6365966796875,
    422.24859619140625,
    425.4654846191406,
    427.77947998046875,
    431.38568115234375,
    434.2764892578125,
    430.5728759765625,
    426.4837951660156,
    429.78875732421875,
    427.869140625,
    423.6549377441406,
    423.38385009765625,
    425.9885559082031,
    421.3661193847656,
    418.8753356933594,
    417.8406677246094,
    417.7679443359375,
    416.29638671875,
    417.3796081542969,
    414.732177734375,
    412.12298583984375,
    419.1231689453125,
    419.1020202636719,
    416.8770751953125,
    419.0789794921875,
    415.02239990234375,
    415.585205078125,
    416.54058837890625,
    417.815185546875,
    417.72283935546875,
    416.2224426269531,
    416.5039367675781,
    419.6573181152344,
    416.73590087890625,
    412.2261047363281,
    406.23577880859375,
    406.8416442871094,
    403.3158264160156,
    408.06243896484375,
    412.90924072265625,
    417.2698669433594,
    415.2614440917969,
    413.5873107910156,
    410.7900085449219,
    409.5910949707031,
    403.8995056152344,
    400.66912841796875,
    413.0641784667969,
    409.1472473144531,
    407.4947204589844,
    410.29547119140625,
    410.94219970703125,
    407.2749938964844,
    405.3910217285156,
    409.4233093261719,
    407.84844970703125,
    406.9497985839844,
    408.4197082519531,
    407.5209045410156,
    403.66424560546875,
    407.72601318359375,
    404.924560546875,
    407.1363830566406,
    405.75341796875,
    402.4853210449219,
    403.156982421875,
    404.574462890625,
    402.25439453125,
    400.25640869140625,
    403.1622314453125,
    404.2075500488281,
    403.1139221191406,
    404.2885437011719,
    404.6516418457031,
    402.3785400390625,
    406.44708251953125,
    405.8687438964844,
    401.74200439453125,
    399.6931457519531,
    398.7711486816406,
    400.8573303222656,
    398.4312438964844,
    397.02703857421875,
    398.6278991699219,
    393.3293762207031,
    394.5778503417969,
    393.4098205566406,
    391.2891540527344
  ],