{
  "dims": [
    "pulseIndex"
  ],
  "attrs": {
    "shape": [
      280
    ]
  },
  "data": [
    484.40557861328125,
    480.5082092285156,
    485.7934265136719,
    483.97357177734375,
    487.27374267578125,
    492.7911682128906,
    492.7271728515625,
    496.29052734375,
    496.18133544921875,
    495.77593994140625,
    500.5177307128906,
    497.6348571777344,
    500.3197937011719,
    503.36651611328125,
    509.17486572265625,
    510.0052490234375,
    509.3308410644531,
    506.6444396972656,
    510.1274108886719,
    506.7217712402344,
    506.4595642089844,
    514.692626953125,
    511.9915466308594,
    509.3197937011719,
    509.7099304199219,
    513.7142944335938,
    513.0639038085938,
    511.5779724121094,
    519.7638549804688,
    518.9985961914062,
    519.0392456054688,
    519.6762084960938,
    520.9158325195312,
    520.8698120117188,
    516.80078125,
    518.5799560546875,
    518.033203125,
    518.1668090820312,
    524.1032104492188,
    527.6343383789062,
    524.4268188476562,
    524.1473388671875,
    524.9877319335938,
    520.474365234375,
    519.96923828125,
    519.7686767578125,
    522.4013671875,
    526.9577026367188,
    522.5397338867188,
    523.2975463867188,
    521.779296875,
    517.4730834960938,
    519.420166015625,
    516.7286987304688,
    520.76318359375,
    524.0154418945312,
    525.22216796875,
    528.99169921875,
    526.6978759765625,
    525.9909057617188,
    524.76171875,
    525.7434692382812,
    524.481201171875,
    524.5007934570312,
    521.5538940429688,
    521.0735473632812,
    520.854248046875,
    517.6593017578125,
    518.10791015625,
    520.050537109375,
    520.6649780273438,
    521.3870239257812,
    522.7085571289062,
    521.7675170898438,
    519.9098510742188,
    515.2708129882812,
    512.0592651367188,
    514.3048095703125,
    509.2711486816406,
    511.9869079589844,
    515.5023193359375,
    519.71484375,
    516.5270385742188,
    511.0202331542969,
    513.9343872070312,
    513.855224609375,
    508.5374755859375,
    507.9798278808594,
    511.6421203613281,
    506.0658874511719,
    510.6557312011719,
    512.993408203125,
    507.7789611816406,
    507.2067565917969,
    510.66790771484375,
    509.5113220214844,
    505.7164306640625,
    504.8209533691406,
    504.5957946777344,
    498.6505126953125,
    501.5281982421875,
    502.7094421386719,
    503.04791259765625,
    503.4924011230469,
    493.6608581542969,
    495.4199523925781,
    498.68701171875,
    498.91278076171875,
    500.7892761230469,
    499.5859375,
    500.9450988769531,
    494.6758728027344,
    498.5859680175781,
    498.4889221191406,
    497.9879455566406,
    499.1572570800781,
    497.2186279296875,
    496.8111267089844,
    492.9394836425781,
    495.5323486328125,
    488.38250732421875,
    484.42572021484375,
    480.7937316894531,
    483.3291931152344,
    482.1859130859375,
    482.4132995605469,
    488.0976867675781,
    487.6919860839844,
    481.8411560058594,
    478.8721923828125,
    483.5381774902344,
    476.9720153808594,
    462.2397155761719,
    474.1185607910156,
    481.157958984375,
    477.48773193359375,
    476.3346252441406,
    479.5382995605469,
    481.52001953125,
    472.03350830078125,
    472.1467590332031,
    469.36114501953125,
    474.8251953125,
    475.83154296875,
    474.10247802734375,
    474.8204345703125,
    467.58929443359375,
    467.1444091796875,
    471.1663513183594,
    467.93963623046875,
    468.82354736328125,
    467.80181884765625,
    467.58489990234375,
    466.7479553222656,
    465.8861999511719,
    462.8657531738281,
    462.6457824707031,
    462.114501953125,
    459.8551940917969,
    463.4322509765625,
    464.4119873046875,
    462.003173828125,
    462.1918640136719,
    460.86297607421875,
    464.3735656738281,
    459.54119873046875,
    453.7603454589844,
    454.81396484375,
    455.6969299316406,
    457.8551940917969,
    448.26568603515625,
    446.01507568359375,
    446.79412841796875,
    445.859375,
    440.8612365722656,
    444.55413818359375,
    452.0750732421875,
    457.3633117675781,
    455.3002624511719,
    452.9653015136719,
    447.888671875,
    450.878173828125,
    449.445556640625,
    442.6380310058594,
    442.27685546875,
    441.632568359375,
    438.6652526855469,
    443.4972839355469,
    444.60858154296875,
    444.3053894042969,
    441.50482177734375,
    432.8866271972656,
    429.465576171875,
    436.1669006347656,
    439.8487548828125,
    440.4698486328125,
    445.28790283203125,
    449.0194091796875,
    444.6802062988281,
    440.5637512207031,
    443.3166809082031,
    441.7470703125,
    438.5296936035156,
    437.2271728515625,
    439.6711120605469,
    435.99176025390625,
    431.855712890625,
    433.8505554199219,
    432.8068542480469,
    429.63787841796875,
    431.0312805175781,
    429.0951232910156,
    427.1758728027344,
    433.86248779296875,
    431.9477844238281,
    432.6564636230469,
    431.96514892578125,
    428.917236328125,
    431.2187805175781,
    429.76104736328125,
    429.55126953125,
    430.9043273925781,
    431.89263916015625,
    430.3647155761719,
    433.5253601074219,
    432.40179443359375,
    427.4925842285156,
    422.9412841796875,
    423.30145263671875,
    417.56353759765625,
    423.56561279296875,
    426.0982666015625,
    432.8911437988281,
    428.99853515625,
    425.0520324707031,
    425.3152770996094,
    423.3258972167969,
    419.0857238769531,
    415.5990905761719,
    425.0639343261719,
    424.5448913574219,
    423.73974609375,
    423.29327392578125,
    425.30950927734375,
    421.60260009765625,
    420.0504455566406,
    424.92791748046875,
    422.8423156738281,
    418.60888671875,
    421.5906982421875,
    419.3069763183594,
    416.9831237792969,
    421.016845703125,
    419.3097839355469,
    416.11181640625,
    417.98834228515625,
    417.1287841796875,
    416.3599548339844,
    416.3810729980469,
    414.1807861328125,
    413.2872009277344,
    416.3917541503906,
    416.4220275878906,
    416.6777038574219,
    417.0117492675781,
    419.171142578125,
    415.1361999511719,
    418.5911865234375,
    419.19329833984375,
    416.1351318359375,
    413.29718017578125,
    409.7622375488281,
    415.7085876464844,
    411.16119384765625,
    409.85443115234375,
    412.5068054199219,
    409.21966552734375,
    407.6764831542969,
    406.2406311035156,
    402.6769104003906
  ],