{
  "dims": [
    "pulseIndex"
  ],
  "attrs": {
    "shape": [
      280
    ]
  },
  "data": [
    538.9903564453125,
    532.341552734375,
    535.5782470703125,
    537.5662231445312,
    542.2611083984375,
    547.0358276367188,
    541.6358032226562,
    546.808349609375,
    545.0220947265625,
    544.2342529296875,
    549.2705078125,
    547.720703125,
    544.0206909179688,
    544.7974243164062,
    549.9620361328125,
    547.4705810546875,
    540.6817016601562,
    541.4158935546875,
    545.56640625,
    536.7313842773438,
    535.8433227539062,
    540.2203979492188,
    538.57763671875,
    534.7153930664062,
    537.1165161132812,
    538.3629150390625,
    534.9200439453125,
    536.0226440429688,
    543.2348022460938,
    544.1648559570312,
    542.8975219726562,
    542.3124389648438,
    544.3403930664062,
    541.9573974609375,
    538.4840087890625,
    533.232666015625,
    533.44140625,
    534.859619140625,
    539.7324829101562,
    539.8810424804688,
    533.9808959960938,
    533.8945922851562,
    531.5413208007812,
    533.05615234375,
    530.9229125976562,
    530.7449340820312,
    533.9695434570312,
    538.0408935546875,
    532.6854858398438,
    530.2023315429688,
    527.3386840820312,
    527.2724609375,
    530.7153930664062,
    529.7158813476562,
    527.9056396484375,
    529.2466430664062,
    531.599609375,
    536.6787109375,
    532.9844970703125,
    532.94580078125,
    526.5300903320312,
    526.1902465820312,
    525.876708984375,
    524.1785278320312,
    518.6729125976562,
    521.1442260742188,
    522.705322265625,
    520.554931640625,
    518.07177734375,
    521.1831665039062,
    522.9127807617188,
    525.0324096679688,
    527.2926635742188,
    525.9720458984375,
    523.6357421875,
    519.0111083984375,
    515.391845703125,
    514.6661376953125,
    512.4387817382812,
    513.8229370117188,
    518.1209106445312,
    522.888916015625,
    514.2772827148438,
    506.26995849609375,
    511.24359130859375,
    509.15380859375,
    505.73712158203125,
    505.2108154296875,
    509.4045715332031,
    504.6813049316406,
    510.79010009765625,
    515.2645874023438,
    506.60125732421875,
    506.9902038574219,
    513.3701171875,
    510.6325988769531,
    507.46417236328125,
    505.4213562011719,
    508.3565368652344,
    500.0643310546875,
    498.966064453125,
    502.8518371582031,
    498.5966491699219,
    500.60479736328125,
    493.1347961425781,
    487.3384094238281,
    492.46807861328125,
    492.6153259277344,
    500.03924560546875,
    498.4703369140625,
    498.28619384765625,
    495.8079833984375,
    496.8042297363281,
    500.741455078125,
    501.3200988769531,
    501.68792724609375,
    497.95269775390625,
    495.2596740722656,
    495.9181213378906,
    495.1889343261719,
    486.6163330078125,
    480.4654846191406,
    477.661865234375,
    482.258544921875,
    478.5517272949219,
    478.29754638671875,
    481.16485595703125,
    483.47125244140625,
    479.38494873046875,
    473.63177490234375,
    475.49822998046875,
    468.82818603515625,
    457.46466064453125,
    471.4787902832031,
    480.4326477050781,
    475.168212890625,
    474.03533935546875,
    478.5327453613281,
    480.6264343261719,
    470.94659423828125,
    470.4139404296875,
    469.2736511230469,
    473.70465087890625,
    473.5052490234375,
    472.8409118652344,
    473.9054870605469,
    468.491455078125,
    467.0341491699219,
    466.647216796875,
    462.51263427734375,
    462.95465087890625,
    462.92205810546875,
    461.3692932128906,
    461.0887451171875,
    464.4236145019531,
    460.0020751953125,
    460.918212890625,
    461.11187744140625,
    461.5016784667969,
    459.96990966796875,
    464.71575927734375,
    462.51605224609375,
    461.45172119140625,
    461.8816223144531,
    465.5455627441406,
    460.03509521484375,
    455.94775390625,
    454.390380859375,
    452.3340759277344,
    454.5393371582031,
    444.91265869140625,
    442.0449523925781,
    443.996826171875,
    441.6556701660156,
    438.7707214355469,
    444.4075012207031,
    452.0489807128906,
    455.98663330078125,
    454.4920654296875,
    456.021728515625,
    448.9651794433594,
    453.72955322265625,
    450.76837158203125,
    444.1771240234375,
    442.6330871582031,
    443.3980407714844,
    436.0464782714844,
    441.4867858886719,
    442.2947998046875,
    441.2840881347656,
    440.0087585449219,
    431.25799560546875,
    425.3199462890625,
    432.2233581542969,
    436.18212890625,
    435.5249938964844,
    441.18182373046875,
    447.6361083984375,
    445.6435546875,
    440.2149658203125,
    444.7701416015625,
    443.5950927734375,
    438.9163818359375,
    438.75677490234375,
    440.32110595703125,
    436.67681884765625,
    428.968505859375,
    430.031494140625,
    429.64764404296875,
    426.0618896484375,
    425.7923583984375,
    426.0555419921875,
    419.0202331542969,
    426.8968200683594,
    426.899169921875,
    423.64996337890625,
    421.64739990234375,
    425.70556640625,
    428.4994201660156,
    426.57720947265625,
    425.36773681640625,
    428.2961120605469,
    429.22369384765625,
    426.518310546875,
    430.9421081542969,
    429.686767578125,
    422.5992431640625,
    417.6767272949219,
    415.90948486328125,
    413.3024597167969,
    416.72186279296875,
    418.5738525390625,
    422.0540466308594,
    419.7167663574219,
    419.3143310546875,
    414.3771057128906,
    412.8785705566406,
    408.8763122558594,
    404.87884521484375,
    416.8548583984375,
    415.718505859375,
    415.51043701171875,
    416.2983093261719,
    417.79998779296875,
    415.7511901855469,
    412.9828796386719,
    416.7800598144531,
    414.76922607421875,
    412.168701171875,
    411.36114501953125,
    411.199951171875,
    407.857177734375,
    412.1001892089844,
    408.6040344238281,
    404.6407775878906,
    406.4442443847656,
    404.2417907714844,
    406.73748779296875,
    405.8522644042969,
    404.5591735839844,
    402.5460205078125,
    406.95587158203125,
    405.7696228027344,
    404.74639892578125,
    403.89471435546875,
    409.0634765625,
    407.1020812988281,
    410.0016784667969,
    407.8199157714844,
    405.8690490722656,
    402.086669921875,
    400.551025390625,
    402.591064453125,
    399.8934020996094,
    396.3849792480469,
    399.5853271484375,
    395.3236389160156,
    393.8700866699219,
    390.85504150390625,
    390.5705261230469
  ],